Code,Product,Quantity on Hand,Reserved,Available
00001,Wardah Acne Cleansing Gel 60 ml,33.0,0.0,33.0
00002,Wardah Acne Gentle Scrub 60 ml,77.0,0.0,77.0
00003,Wardah Acne Face Powder 25 gr (Pc(s)),39.0,0.0,39.0
00004,Acne Perfecting Moisurizer Gel Wardah 40 ml (Pc(s)),24.0,0.0,24.0
00005,Wardah Acne Treatment Gel 15 ml,20.0,0.0,20.0
00006,Wardah Acne Pore Tightening Toner 100 ml,32.0,0.0,32.0
00007,Wardah Intensive Moisturising Body Serum 100 ml (Pc(s)),42.0,0.0,42.0
00008,Wardah Morning Essentials Body Moisturizer 100 ml (Pc(s)),101.0,0.0,101.0
00009,Wardah Roll On For Her 60 ml,34.0,0.0,34.0
00010,Wardah Roll On For Him 60 ml,33.0,0.0,33.0
00011,Wardah C-Defense DD Cream Light 20 ml (Pc(s)),18.0,0.0,18.0
00012,Wardah C-Defense DD Cream Natural 20 ml (Pc(s)),13.0,0.0,13.0
00013,Wardah C-defense Serum 17 ml (Pc(s)),11.0,0.0,11.0
00015,Crystallure 02 Ruby Red 3.8 gr,3.0,0.0,3.0
00018,Crystallure 05 Tourmaline Pink 3.8 gr,4.0,0.0,4.0
00021,Crystallure 08 Topaz Creme 3.8 gr,2.0,0.0,2.0
00022,Crystallure 09 Citrine Honey 3.8 gr,3.0,0.0,3.0
00024,Wardah Exclusive Creamy Foundation 01 Light Beige 10 gr (pc(s)),14.0,0.0,14.0
00025,Wardah Exclusive Creamy Foundation 02 Sheer Pink 10 gr (pc(s)),13.0,0.0,13.0
00026,Wardah Exclusive Creamy Foundation 03 Sandy Beige 10 gr (pc(s)),15.0,0.0,15.0
00027,Wardah Exclusive Creamy Foundation 04 Natural 10 gr (pc(s)),11.0,0.0,11.0
00028,Wardah Exclusive Creamy Foundation 05 Coffee Beige 10 gr (pc(s)),23.0,0.0,23.0
00029,"Wardah Lipstick Exclusive 20 Pink Pearl 3,8 gr",117.0,0.0,117.0
00030,"Wardah Lipstick Exclusive 21 Orchid Pink 3,8 gr",44.0,0.0,44.0
00031,"Wardah Lipstick Exclusive 23 Ruby Red 3,8 gr",39.0,0.0,39.0
00032,"Wardah Lipstick Exclusive 26 Mango 3,8 gr",53.0,0.0,53.0
00033,"Wardah Lipstick Exclusive 28 Rose Purple 3,8 gr",20.0,0.0,20.0
00034,"Wardah Lipstick Exclusive 29 Lavender 3,8 gr",107.0,0.0,107.0
00035,"Wardah Lipstick Exclusive 30 Golden Coral 3,8 gr",71.0,0.0,71.0
00036,"Wardah Lipstick Exclusive 31 Rose Wood 3,8 gr",341.0,0.0,341.0
00037,"Wardah Lipstick Exclusive 32 Sheer Brown 3,8 gr",141.0,0.0,141.0
00038,"Wardah Lipstick Exclusive 33 Peach Brown 3,8 gr",138.0,0.0,138.0
00039,"Wardah Lipstick Exclusive 34 Sweet Orchid 3,8 gr",172.0,0.0,172.0
00040,"Wardah Lipstick Exclusive 35 Great Berry 3,8 gr",103.0,0.0,103.0
00041,"Wardah Lipstick Exclusive 36 Sugary Pink 3,8 gr",28.0,0.0,28.0
00042,"Wardah Lipstick Exclusive 37 Pink Lovers 3,8 gr",302.0,0.0,302.0
00043,"Wardah Lipstick Exclusive 38 Red Brown 3,8 gr",59.0,0.0,59.0
00044,"Wardah Lipstick Exclusive 39 Warm Rose 3,8 gr",249.0,0.0,249.0
00045,"Wardah Lipstick Exclusive 40 Diva 3,8 gr",125.0,0.0,125.0
00046,"Wardah Lipstick Exclusive 41 Charming Red 3,8 gr (Pc(s))",67.0,0.0,67.0
00047,"Wardah Lipstick Exclusive 42 Precious Violet 3,8 gr",113.0,0.0,113.0
00048,"Wardah Lipstick Exclusive 43 Magnificent Red 3,8 gr (Pc(s))",27.0,0.0,27.0
00049,"Wardah Lipstick Exclusive 44 Daring Brown 3,8 gr (Pc(s))",125.0,0.0,125.0
00050,"Wardah Lipstick Exclusive 45 Maroon Style 3,8 gr",107.0,0.0,107.0
00051,"Wardah Lipstick Exclusive 46 Chic Magenta 3,8 gr",20.0,0.0,20.0
00052,"Wardah Lipstick Exclusive 47 Light Rose 3,8 gr",122.0,0.0,122.0
00053,"Wardah Lipstick Exclusive 48 Rosemary 3,8 gr",253.0,0.0,253.0
00054,"Wardah Lipstick Exclusive 49 Chestnut 3,8 gr",332.0,0.0,332.0
00055,"Wardah Lipstick Exclusive 50 Winter Pink 3,8 gr",2.0,0.0,2.0
00056,Wardah Exclusive Liquid Foundation 01 Light Beige 20 ml (Pc(s)),14.0,0.0,14.0
00057,Wardah Exclusive Liquid Foundation 02 Sheer Pink 20 ml (Pc(s)),26.0,0.0,26.0
00058,Wardah Exclusive Liquid Foundation 03 Sandy Beige 20 ml,8.0,0.0,8.0
00059,Wardah Exclusive Liquid Foundation 04 Natural 20 ml,20.0,0.0,20.0
00060,Wardah Exclusive Liquid Foundation 05 Coffee Beige 20 ml,4.0,0.0,4.0
00061,"Exclusive TWC 01 Light Beige, 14 gr",17.0,0.0,17.0
00062,"Exclusive TWC 02 Sheer Pink, 14 gr",156.0,0.0,156.0
00063,"Exclusive TWC 03 Sandy Beige, 14 gr",16.0,0.0,16.0
00064,"Exclusive TWC 04 Natural, 14 gr",16.0,0.0,16.0
00065,"Exclusive TWC 05 Coffee Beige, 14 gr",20.0,0.0,20.0
00066,"Refill Exclusive TWC 01 Light Beige, 14 gr",71.0,0.0,71.0
00067,"Refill Exclusive TWC 02 Sheer Pink, 14 gr",45.0,0.0,45.0
00068,"Refill Exclusive TWC 03 Sandy Beige, 14 gr",28.0,0.0,28.0
00069,"Refill Exclusive TWC 04 Natural, 14 gr",52.0,0.0,52.0
00070,"Refill Exclusive TWC 05 Coffee Beige, 14 gr",37.0,0.0,37.0
00071,Wardah EyeXpert Aqua Lash Mascara 6 gr (Pc(s)),76.0,0.0,76.0
00072,Wardah EyeXpert Eye & Lip Makeup Remover 50 ml,27.0,0.0,27.0
00073,Wardah EyeXpert Eye & Lip Makeup Remover 100 ml,2.0,0.0,2.0
00075,"EyeXpert Eyeshadow Nude Passionate, 4.2 gr",1.0,0.0,1.0
00076,Wardah EyeXpert Optimum Hi-Black Liner 1 gr (Pc(s)),14.0,0.0,14.0
00077,Wardah EyeXpert Perfectcurl Mascara 7 gr (Pc(s)),87.0,0.0,87.0
00078,Wardah Eyexpert Staylast Gel Eyeliner 2 gr (Pc(s)),49.0,0.0,49.0
00079,"Wardah Eyexpert Staylast Liquid Eyeliner 3,5 gr (Pc(s))",62.0,0.0,62.0
00080,Wardah Lightening BB Cream Light 15 ml (pc(s)),152.0,0.0,152.0
00081,Wardah Lightening BB Cream Light 30 ml (Pc(s)),115.0,0.0,115.0
00082,Wardah Lightening BB Cream Natural 15 ml (pc(s)),9.0,0.0,9.0
00083,Wardah Lightening BB Cream Natural 30 ml (Pc(s)),14.0,0.0,14.0
00084,Wardah Lightening Body Lotion 150 ml,61.0,0.0,61.0
00085,Wardah Lightening Creamy Foam 60 ml (Pc(s)),40.0,0.0,40.0
00086,Wardah Lightening Day Cream Step 1 30 gr,100.0,0.0,100.0
00087,Wardah Lightening Day Cream Step 1 20 ml (Pc(s)),54.0,0.0,54.0
00088,Wardah Lightening Day Cream Step 2 30 gr,49.0,0.0,49.0
00089,Wardah Lightening Day Cream Step 2 20 ml (Pc(s)),109.0,0.0,109.0
00090,Wardah Lightening Face Mask 60 gr,96.0,0.0,96.0
00091,Wardah Lightening Face Toner 150 ml,8.0,0.0,8.0
00092,Wardah Lightening Facial Scrub 60 gr,11.0,0.0,11.0
00093,Wardah Lightening Facial Serum 5x5 ml (Pc(s)),38.0,0.0,38.0
00094,Wardah Lightening Gentle Wash 60 ml,21.0,0.0,21.0
00095,Wardah Lightening Milk Cleanser 150 ml,51.0,0.0,51.0
00096,Wardah Lightening Night Cream Step 1 30 gr,117.0,0.0,117.0
00097,Wardah Lightening Night Cream Step 1 20 ml (Pc(s)),83.0,0.0,83.0
00098,Wardah Lightening Night Cream Step 2 30 gr,129.0,0.0,129.0
00099,Wardah Lightening Night Cream Step 2 20 ml (Pc(s)),66.0,0.0,66.0
00100,"Lightening TWC Extra Cover 01 Light Beige, 12 gr",47.0,0.0,47.0
00101,"Lightening TWC Extra Cover 02 Golden Beige, 12 gr",22.0,0.0,22.0
00102,"Lightening TWC Extra Cover 03 Sheer Pink, 12 gr",75.0,0.0,75.0
00103,"Lightening TWC Extra Cover 04 Natural, 12 gr",16.0,0.0,16.0
00104,Wardah Lightening Two Way Cake Light Feel 01 Light Beige 12 gr,53.0,0.0,53.0
00105,Wardah Lightening Two Way Cake Light Feel 02 Golden Beige 12 gr,351.0,0.0,351.0
00106,Wardah Lightening Two Way Cake Light Feel 03 Sheer Pink 12 gr,32.0,0.0,32.0
00107,Wardah Lightening Two Way Cake Light Feel 04 Natural 12 gr,33.0,0.0,33.0
00108,Wardah Perfect Bright Lightening Moisturizer 20 ml (Pc(s)),115.0,0.0,115.0
00109,"Refill Lightening TWC Extra Cover 01 Light Beige, 12 gr",55.0,0.0,55.0
00110,"Refill Lightening TWC Extra Cover 02 Soft Peach, 12 gr",5.0,0.0,5.0
00111,"Refill Lightening TWC Extra Cover 03 Sheer Pink, 12 gr",41.0,0.0,41.0
00112,"Refill Lightening TWC Extra Cover 04 Natural, 12 gr",23.0,0.0,23.0
00113,Wardah Refill Lightening Two Way Cake Light Feel 01 Light Beige 12 gr,47.0,0.0,47.0
00114,Wardah Refill Lightening Two Way Cake Light Feel 02 Golden Beige 12 gr,155.0,0.0,155.0
00115,Wardah Refill Lightening Two Way Cake Light Feel 03 Sheer Pink 12 gr,152.0,0.0,152.0
00116,Wardah Refill Lightening Two Way Cake Light Feel 04 Natural 12 gr,20.0,0.0,20.0
00117,Wardah Blush On A 4 gr,181.0,0.0,181.0
00118,Wardah Blush On B 4 gr,77.0,0.0,77.0
00119,Wardah Blush On C 4 gr,54.0,0.0,54.0
00120,Wardah Blush On D 4 gr,216.0,0.0,216.0
00121,Wardah Evd Lum Compact Powder 01 Light Beige 14 g (Pc(s)),41.0,0.0,41.0
00122,Wardah Evd Lum Compact Powder 02 Beige 14 g (Pc(s)),29.0,0.0,29.0
00123,Wardah Evd Lum Compact Powder 03 Ivory 14 g (Pc(s)),40.0,0.0,40.0
00124,Wardah Evd Lum Compact Powder 04 Natural 14 g (Pc(s)),48.0,0.0,48.0
00125,"Wardah Double Function Kit 4,5 gr",20.0,0.0,20.0
00126,Wardah Everyday BB Cream Light 15 ml (pc(s)),11.0,0.0,11.0
00127,Wardah Everyday BB Cream Light 30 ml (Pc(s)),69.0,0.0,69.0
00128,Wardah Everyday BB Cream Natural 15 ml (Pc(s)),55.0,0.0,55.0
00129,Wardah Everyday BB Cream Natural 30 ml (Pc(s)),19.0,0.0,19.0
00130,"Wardah Evd Lum Creamy Foundation Extra Cover 01 Sheer Pink 8,5 g (Pc(s))",91.0,0.0,91.0
00131,"Wardah Evd Lum Creamy Foundation Extra Cover 02 Light Beige 8,5 g (Pc(s))",53.0,0.0,53.0
00132,"Wardah Evd Lum Creamy Foundation Extra Cover 03 Beige 8,5 g (Pc(s))",51.0,0.0,51.0
00133,"Wardah Evd Lum Creamy Foundation Extra Cover 04 Natural 8,5 g (Pc(s))",58.0,0.0,58.0
00134,Wardah Evd Lum Creamy Foundation Light Feel 01 Sheer Pink 11 g (Pc(s)),52.0,0.0,52.0
00135,Wardah Evd Lum Creamy Foundation Light Feel 02 Light Beige 11 g (Pc(s)),13.0,0.0,13.0
00136,Wardah Evd Lum Creamy Foundation Light Feel 03 Beige 11 g (Pc(s)),31.0,0.0,31.0
00137,Wardah Evd Lum Creamy Foundation Light Feel 04 Natural 11 g (Pc(s)),40.0,0.0,40.0
00138,Wardah Evd Lum Face Powder 01 Light Beige 30 g (Pc(s)),30.304,0.0,30.304
00139,Wardah Evd Lum Face Powder 02 Beige 30 g (Pc(s)),26.0,0.0,26.0
00140,Wardah Evd Lum Face Powder 03 Ivory 30 g (Pc(s)),19.0,0.0,19.0
00141,Wardah Evd Lum Face Powder 04 Natural 30 g (Pc(s)),20.0,0.0,20.0
00142,Wardah Evd Lum Liquid Foundation 02 Light Beige 40 ml (Pc(s)),9.0,0.0,9.0
00143,Wardah Evd Lum Liquid Foundation 03 Beige 40 ml (Pc(s)),9.0,0.0,9.0
00144,Wardah Evd Lum Liquid Foundation 01 Natural White 40 ml (Pc(s)),43.942,0.0,43.942
00145,Wardah Evd Lum Liquid Foundation 04 Natural 40 ml (Pc(s)),16.0,0.0,16.0
00146,Wardah Evd Lum Two Way Cake 01 Light Beige 12 g (Pc(s)),62.0,0.0,62.0
00147,Wardah Evd Lum Two Way Cake 02 Beige 12 g (Pc(s)),41.0,0.0,41.0
00148,Wardah Evd Lum Two Way Cake 03 Ivory 12 g (Pc(s)),81.0,0.0,81.0
00149,Wardah Evd Lum Two Way Cake 04 Light Ivory 12 g (Pc(s)),116.0,0.0,116.0
00150,"Eye Shadow A, 4.2 gr",6.0,0.0,6.0
00151,"Eye Shadow B, 4.2 gr",3.0,0.0,3.0
00152,"Eye Shadow C, 4.2 gr",10.0,0.0,10.0
00153,"Eye Shadow D, 4.2 gr",1.0,0.0,1.0
00154,"Eye Shadow E, 4.2 gr",10.0,0.0,10.0
00155,"Eye Shadow F, 4.2 gr",2.0,0.0,2.0
00157,"Eye Shadow H, 4.2 gr",6.0,0.0,6.0
00158,"Eye Shadow I, 4.2 gr",3.0,0.0,3.0
00159,"Eye Shadow J, 4.2 gr",3.0,0.0,3.0
00160,"Eye Shadow K, 4.2 gr",16.0,0.0,16.0
00161,"Eye Shadow L, 4.2 gr",5.0,0.0,5.0
00162,"Eye Shadow M, 4.2 gr",3.0,0.0,3.0
00163,"Eye Shadow N, 4.2 gr",2.0,0.0,2.0
00164,"Wardah Hydrogloss 01 Invisible Pink 3,8 gr",84.0,0.0,84.0
00165,"Wardah Hydrogloss 02 Autumn Peach 3,8 gr",100.0,0.0,100.0
00166,"Wardah Hydrogloss 03 Sheer Brown 3,8 gr",199.0,0.0,199.0
00167,"Wardah Hydrogloss 04 Glazing Plum 3,8 gr",99.0,0.0,99.0
00168,Wardah Lipgloss 3.8 gr,133.0,0.0,133.0
00169,"Wardah Lipbalm Orange 6,5 gr (Pc(s))",5.0,0.0,5.0
00170,"Wardah Lipbalm Strawberry 6,5 gr (Pc(s))",5.0,0.0,5.0
00171,"Wardah Lipbalm Vanilla 6,5 gr (Pc(s))",8.0,0.0,8.0
00172,Wardah Lip Palette Chocoaholic 10 g (Pc(s)),86.0,0.0,86.0
00173,Wardah Lip Palette Perfect Red 10 g (pc(s)),33.0,0.0,33.0
00174,Wardah Lip Palette Pinky Peach 10 g (pc(s)),17.0,0.0,17.0
00175,Wardah Longlasting Lipstick 01 Fabulous Peach 2.3 g (Pc(s)),43.0,0.0,43.0
00176,Wardah Longlasting Lipstick 02 Pink Sorbet 2.3 g (Pc(s)),58.0,0.0,58.0
00177,Wardah Longlasting Lipstick 03 Simply Brown 2.3 g (Pc(s)),29.0,0.0,29.0
00178,Wardah Longlasting Lipstick 04 Antique Pink 2.3 g (Pc(s)),31.0,0.0,31.0
00179,Wardah Longlasting Lipstick 05 Fuchsia Fever 2.3 g (Pc(s)),50.0,0.0,50.0
00180,Wardah Longlasting Lipstick 06 Delicate Pink 2.3 g (Pc(s)),33.0,0.0,33.0
00181,Wardah Longlasting Lipstick 07 Raspberry Hip 2.3 g (Pc(s)),54.0,0.0,54.0
00182,Wardah Longlasting Lipstick 08 Red Velvet 2.3 g (Pc(s)),24.0,0.0,24.0
00183,Wardah Longlasting Lipstick 09 Vibrant Red 2.3 g (Pc(s)),24.0,0.0,24.0
00184,Wardah Longlasting Lipstick 10 Stylish Mocca 2.3 g (Pc(s)),35.0,0.0,35.0
00185,Wardah Longlasting Lipstick 11 Cherrie Glam 2.3 g (Pc(s)),30.0,0.0,30.0
00186,Wardah Longlasting Lipstick 12 Lustrous Red 2.3 g (Pc(s)),33.0,0.0,33.0
00187,Wardah Makeup Remover 100 ml (Pc(s)),74.0,0.0,74.0
00188,"Matte Lipstick 01, 3.8 gr",64.0,0.0,64.0
00189,"New Lipstick Matte 02 Wardah 3,8 g",38.0,0.0,38.0
00190,"New Lipstick Matte 03 Wardah 3,8 g",36.0,0.0,36.0
00191,"New Lipstick Matte 04 Wardah 3,8 g",30.0,0.0,30.0
00192,"New Lipstick Matte 05 Wardah 3,8 g",25.0,0.0,25.0
00193,"Matte Lipstick 06, 3.8 gr",60.0,0.0,60.0
00194,"Matte Lipstick 07, 3.8 gr",102.0,0.0,102.0
00195,"Matte Lipstick 08, 3.8 gr",155.0,0.0,155.0
00196,"Wardah Matte Lipstick 09 True Red 3,8 gr (Pc(s))",30.0,0.0,30.0
00197,"Matte Lipstick 10, 3.8 gr",63.0,0.0,63.0
00198,"Matte Lipstick 11, 3.8 gr",45.0,0.0,45.0
00199,"Matte Lipstick 12, 3.8 gr",19.0,0.0,19.0
00200,"Matte Lipstick 13, 3.8 gr",45.0,0.0,45.0
00201,"Matte Lipstick 14, 3.8 gr",64.0,0.0,64.0
00202,"Matte Lipstick 15, 3.8 gr",233.0,0.0,233.0
00203,"Wardah Matte Lipstick 16 Summer Pink 3,8 gr (Pc(s))",41.0,0.0,41.0
00204,"Wardah Matte Lipstick 17 Gorgeous Pink 3,8 gr (Pc(s))",55.0,0.0,55.0
00205,"Wardah Matte Lipstick 18 Rosy Pink 3,8 gr (Pc(s))",22.0,0.0,22.0
00206,"Matte Lipstick 19, 3.8 gr",160.0,0.0,160.0
00207,"Matte Lipstick 20, 3.8 gr",174.0,0.0,174.0
00208,Wardah Professional Make Up Kit (Pc(s)),8.0,0.0,8.0
00209,Wardah Refill Evd Lum Compact Powder 01 Light Beige 14 g (Pc(s)),49.0,0.0,49.0
00210,Wardah Refill Evd Lum Compact Powder 02 Beige 14 g (Pc(s)),10.0,0.0,10.0
00211,Wardah Refill Evd Lum Compact Powder 03 Ivory 14 g (Pc(s)),17.0,0.0,17.0
00212,Wardah Refill Evd Lum Compact Powder 04 Natural 14 g (Pc(s)),57.0,0.0,57.0
00213,Wardah Refill Evd Lum Face Powder 01 Light Beige 30 g (Pc(s)),12.0,0.0,12.0
00214,Wardah Refill Evd Lum Face Powder 02 Beige 30 g (Pc(s)),10.0,0.0,10.0
00215,Wardah Refill Evd Lum Face Powder 03 Ivory 30 g (Pc(s)),46.0,0.0,46.0
00216,Wardah Refill Evd Lum Face Powder 04 Natural 30 g (Pc(s)),41.0,0.0,41.0
00217,Wardah Refill Evd Lum Two Way Cake 01 Light Beige 12 g (Pc(s)),66.0,0.0,66.0
00218,Wardah Refill Evd Lum Two Way Cake 02 Beige 12 g (Pc(s)),74.144,0.0,74.144
00219,Wardah Refill Evd Lum Two Way Cake 03 Ivory 12 g (Pc(s)),61.0,0.0,61.0
00220,Wardah Refill Evd Lum Two Way Cake 04 Light Ivory 12 g (Pc(s)),20.0,0.0,20.0
00221,Wardah Make Up Kit Special Edition (Pc(s)),10.0,0.0,10.0
00222,Wardah Puff NBR,3.0,0.0,3.0
00223,"Wardah Wondershine 01 Cinnamon Red 4,5 ml",28.0,0.0,28.0
00224,"Wardah Wondershine 02 Creamy Brown 4,5 ml",93.0,0.0,93.0
00225,"Wardah Wondershine 03 Soft Pink 4,5 ml",4.0,0.0,4.0
00226,"Wardah Wondershine 04 Pale Pink 4,5 ml",51.0,0.0,51.0
00227,"Wondershine 05 Clear Ice, 4.5 ml",30.0,0.0,30.0
00228,Wardah Essential Facial Mask 60 ml (Pc(s)),233.0,0.0,233.0
00229,Wardah Essential Facial Massage Cream 60 ml (Pc(s)),90.0,0.0,90.0
00230,Wardah Essential Facial Scrub 60 ml (Pc(s)),198.0,0.0,198.0
00231,Wardah Essential Facial Wash 60 ml (Pc(s)),120.0,0.0,120.0
00232,Wardah Essential Intensive Night Cream 30 gr (Pc(s)),74.0,0.0,74.0
00233,Wardah Essential Peeling Cream 60 ml (Pc(s)),17.0,0.0,17.0
00234,Wardah Hydrating Aloe Vera Gel 100 ml (Pc(s)),5.0,0.0,5.0
00235,Wardah Hydrating Cleanser 150 ml (Pc(s)),68.0,0.0,68.0
00236,Wardah Hydrating Facial Serum 5x5 ml (Pc(s)),20.0,0.0,20.0
00237,Wardah Hydrating Moisturizer Cream 40 ml (Pc(s)),25.0,0.0,25.0
00238,Wardah Hydrating Toner 150 ml (Pc(s)),51.0,0.0,51.0
00239,Wardah Purifying Cleanser 150 ml (Pc(s)),47.0,0.0,47.0
00240,Wardah Purifying Facial Serum 5x5 ml (Pc(s)),19.0,0.0,19.0
00241,Wardah Purifying Moisturizer Gel 40 ml (Pc(s)),58.0,0.0,58.0
00242,Wardah Purifying Toner 150 ml (Pc(s)),14.0,0.0,14.0
00243,Wardah Sunscreen Gel SPF 30 40 ml (Pc(s)),30.0,0.0,30.0
00244,Wardah Renew You Anti Aging Day Cream 17 ml (pc(s)),48.0,0.0,48.0
00245,Wardah Renew You Anti Aging Day Cream 30 gr (Pc(s)),17.0,0.0,17.0
00246,Wardah Renew You Anti Aging Intensive Serum 17 ml (Pc(s)),56.0,0.0,56.0
00247,Wardah Renew You Anti Aging Night Cream 17 ml (pc(s)),60.0,0.0,60.0
00248,Wardah Renew You Anti Aging Night Cream 30 gr (Pc(s)),124.0,0.0,124.0
00249,Wardah Hand & Body Lotion ETERNAL 200 ml,19.0,0.0,19.0
00250,Wardah Hand & Body Lotion FLAME 200 ml,5.0,0.0,5.0
00251,Wardah Hand & Body Lotion INNOCENCE 200 ml,5.0,0.0,5.0
00252,Wardah Hand & Body Lotion SHINE 200 ml,21.0,0.0,21.0
00253,Wardah Hand & Body Lotion SPARKS 200 ml,11.0,0.0,11.0
00254,Wardah Body Mist ETERNAL 200 ml,18.0,0.0,18.0
00255,Wardah Body Mist FLAME 200 ml,10.0,0.0,10.0
00256,Wardah Body Mist INNOCENCE 200 ml,30.0,0.0,30.0
00257,Wardah Body Mist SHINE 200 ml,17.0,0.0,17.0
00258,Wardah Body Mist SPARKS 200 ml,31.0,0.0,31.0
00259,Wardah Eau De Toilette ETERNAL 35 ml,22.0,0.0,22.0
00260,Wardah Eau De Toilette FLAME 35 ml,15.0,0.0,15.0
00261,Wardah Eau De Toilette INNOCENCE 35 ml,44.0,0.0,44.0
00262,Wardah Eau De Toilette SHINE 35 ml,29.0,0.0,29.0
00263,Wardah Eau De Toilette SPARKS 35 ml,27.0,0.0,27.0
00264,Wardah Creamy Body Butter With Lavender & Ginger 50 ml (Pc(s)),61.0,0.0,61.0
00265,Wardah Creamy Body Butter With Milk & Pearl 50 ml (Pc(s)),2.0,0.0,2.0
00267,Wardah Creamy Body Butter With Passion Fruit 50 ml (Pc(s)),43.0,0.0,43.0
00269,Wardah Creamy Body Butter With Strawberry 50 ml (Pc(s)),8.0,0.0,8.0
00270,Wardah Creamy Body Butter With Lavender & Ginger 100 ml (pc(s)),73.0,0.0,73.0
00271,Wardah Creamy Body Butter With Milk & Pearl 100 ml (pc(s)),22.0,0.0,22.0
00272,Wardah Creamy Body Butter With Olive 100 ml (pc(s)),28.0,0.0,28.0
00273,Wardah Creamy Body Butter With Passion Fruit 100 ml (pc(s)),47.0,0.0,47.0
00274,Wardah Creamy Body Butter With Rose 100 ml (pc(s)),39.0,0.0,39.0
00275,Wardah Creamy Body Butter With Strawberry 100 ml (pc(s)),19.0,0.0,19.0
00276,Wardah Creamy Body Butter With Lavender & Ginger 150 ml (Pc(s)),38.0,0.0,38.0
00277,Wardah Creamy Body Butter With Milk & Pearl 150 ml (Pc(s)),3.0,0.0,3.0
00278,Wardah Creamy Body Butter With Olive 150 ml (Pc(s)),5.0,0.0,5.0
00279,Wardah Creamy Body Butter With Passion Fruit 150 ml (Pc(s)),56.0,0.0,56.0
00280,Wardah Creamy Body Butter With Rose 150 ml (Pc(s)),9.0,0.0,9.0
00281,Wardah Creamy Body Butter With Strawberry 150 ml (Pc(s)),7.0,0.0,7.0
00282,Wardah Olive Oil For Massage 150 ml,51.0,0.0,51.0
00283,Wardah Pure Olive Oil 50 ml,14.0,0.0,14.0
00284,Wardah Soft Body Scrub With Olive 150 ml (Pc(s)),34.0,0.0,34.0
00285,Wardah Soft Body Scrub With Olive 240 ml (Pc(s)),21.0,0.0,21.0
00286,Wardah Soft Body Scrub With Passion Fruit 150 ml (Pc(s)),53.0,0.0,53.0
00287,Wardah Soft Body Scrub With Strawberry 150 ml (Pc(s)),15.0,0.0,15.0
00288,Paket Haji Dan Umroh Wardah (Pc(s)),33.0,0.0,33.0
00289,Wardah White Secret Day Cream 17 ml (pc(s)),141.0,0.0,141.0
00290,Wardah White Secret Day Cream 30 gr (pc(s)),29.0,0.0,29.0
00291,Wardah White Secret Exfoliating Lotion 150 ml (Pc(s)),14.0,0.0,14.0
00292,"White Secret Exfoliating Scrub, 40 ml",9.0,0.0,9.0
00294,Wardah White Secret Facial Wash with AHA 100 ml (pc(s)),60.0,0.0,60.0
00295,Wardah White Secret Intense Brightening Essence 17 ml (pc(s)),45.0,0.0,45.0
00296,Wardah White Secret Night Cream 17 ml (pc(s)),82.0,0.0,82.0
00297,Wardah White Secret Night Cream 30 gr (Pc(s)),14.0,0.0,14.0
00298,Wardah White Secret Pure Brightening Cleanser 150 ml (Pc(s)),12.0,0.0,12.0
00299,Wardah White Secret Exfoliating Scrub 50 ml (Pc(s)),39.0,0.0,39.0
00300,"Hair Tonic Anti Dandruff, 200 mld",3.0,0.0,3.0
00301,"Hair Tonic Ginseng, 200 ml",4.0,0.0,4.0
00302,"Hair Tonic Ginseng, 200 mld",1.0,0.0,1.0
00303,"Hair Tonic Ginseng, 450 ml",4.0,0.0,4.0
00305,"Hair Tonic Normal Hair (Yellow), 200 ml",12.0,0.0,12.0
00306,"Hair Tonic Normal Hair (Yellow), 200 mld",2.0,0.0,2.0
00307,"Hair Tonic Normal Hair (Yellow), 450 ml",15.0,0.0,15.0
00309,"Hair Tonic Normal to Oily Hair (Green), 200 ml",7.0,0.0,7.0
00311,"Hair Tonic Normal to Oily Hair (Green), 450 ml",4.0,0.0,4.0
00312,"Hair Tonic Normal to Oily Hair (Green), 2 L",2.0,0.0,2.0
00314,Putri Natural Candlenut Oil 100 ML (Pc(s)),5.0,0.0,5.0
00315,Putri Natural Creambath Aloe Vera 240 ML (Pc(s)),1.0,0.0,1.0
00321,Putri Natural Creambath Ginseng 240 ML (Pc(s)),1.0,0.0,1.0
00322,Putri Natural Creambath Ginseng 720 ML (Pc(s)),1.0,0.0,1.0
00324,Putri Natural Creambath Candlenut 720 ML (Pc(s)),1.0,0.0,1.0
00325,Putri Natural Creambath Aloe Vera Refill 1 KG (Pc(s)),6.0,0.0,6.0
00326,Putri Natural Creambath Avocado Refill 1 KG (Pc(s)),37.0,0.0,37.0
00328,Putri Natural Creambath Ginseng Refill 1 KG (Pc(s)),1.0,0.0,1.0
00329,Putri Natural Creambath Candlenut Refill 1 KG (Pc(s)),4.0,0.0,4.0
00330,Putri Platinum Deep Moisturizer Spray 200 ML (Pc(s)),24.0,0.0,24.0
00331,Putri Platinum Hair Mask 240 ML (Pc(s)),4.0,0.0,4.0
00332,Putri Platinum Hair Mask 720 ML (Pc(s)),8.0,0.0,8.0
00333,Putri Platinum Neutralizer Step 2 240 ML (Pc(s)),7.0,0.0,7.0
00334,Putri Platinum Neutralizer Step 2 720 ML (Pc(s)),1.0,0.0,1.0
00335,Putri Platinum Pustreite Step 1 240 ML (Pc(s)),4.0,0.0,4.0
00336,Putri Platinum Pustreite Step 1 720 ML (Pc(s)),1.0,0.0,1.0
00339,Putri Cold Wave 450 ML (Pc(s)),2.0,0.0,2.0
00340,Putri Cold Wave 2 L (Pc(s)),2.0,0.0,2.0
00343,Putri Neutralizer Lotion 450 ML (Pc(s)),2.0,0.0,2.0
00345,Putri Neutralizer Lotion 5 L (Pc(s)),1.0,0.0,1.0
00346,Putri Pustreite Step 1 240 ML (Pc(s)),19.0,0.0,19.0
00347,Putri Pustreite Step 1 720 ML (Pc(s)),3.0,0.0,3.0
00348,Putri Pustreite Step 2 240 ML (Pc(s)),3.0,0.0,3.0
00349,Putri Pustreite Step 2 720 ML (Pc(s)),3.0,0.0,3.0
00350,Putri Pure Clean Hair Conditioner Apple 200 ML (Pc(s)),11.0,0.0,11.0
00351,Putri Pure Clean Hair Conditioner Apple 450 ML (Pc(s)),3.0,0.0,3.0
00352,Putri Pure Clean Hair Conditioner Apple 2 L (Pc(s)),6.0,0.0,6.0
00353,Putri Pure Clean Hair Conditioner Apple 5 L (Pc(s)),2.0,0.0,2.0
00354,Putri Pure Clean Hair Conditioner Apple 20 L (Pc(s)),3.0,0.0,3.0
00355,Putri Pure Clean Hair Conditioner Floral 200 ML (Pc(s)),11.0,0.0,11.0
00356,Putri Pure Clean Hair Conditioner Floral 450 ML (Pc(s)),2.0,0.0,2.0
00357,Putri Pure Clean Hair Conditioner Floral 2 L (Pc(s)),1.0,0.0,1.0
00360,Putri Pure Clean Shampoo Apple 200 ML (Pc(s)),10.0,0.0,10.0
00361,Putri Pure Clean Shampoo Apple 450 ML (Pc(s)),2.0,0.0,2.0
00362,Putri Pure Clean Shampoo Apple 2 L (Pc(s)),4.0,0.0,4.0
00364,Putri Pure Clean Shampoo Apple 20 L (Pc(s)),3.0,0.0,3.0
00365,Putri Pure Clean Shampoo Lemon 200 ML (Pc(s)),69.0,0.0,69.0
00366,Putri Pure Clean Shampoo Lemon 450 ML (Pc(s)),8.0,0.0,8.0
00367,Putri Pure Clean Shampoo Lemon 2 L (Pc(s)),3.0,0.0,3.0
00370,Putri Shampoo Ginseng 200 ML (Pc(s)),11.0,0.0,11.0
00371,Putri SS Botanical Garden SPA WLEO 240 ML (Pc(s)),6.0,0.0,6.0
00374,Putri SPA Series Relaxing Creambath 720 ml (pc(s)),4.0,0.0,4.0
00375,Putri SPA Series Hair Mask 240 ml (Pc(s)),3.0,0.0,3.0
00376,Putri SPA Series Hair Mask 720 ml (pc(s)),5.0,0.0,5.0
00377,"Hair Tonic SPA Energizing Lemon, 200 ml",2.0,0.0,2.0
00379,"Hair Tonic SPA Relaxing Lavender, 200 ml",4.0,0.0,4.0
00382,Putri Olive Body Scrub 150 ML (Pc(s)),20.0,0.0,20.0
00392,Putri Hair Spray Non Aerosol Normal (Biru) 200 ML (Pc(s)),4.0,0.0,4.0
00393,Putri Hair Spray Non Aerosol Normal Refill 200 ML (Pc(s)),2.0,0.0,2.0
00394,Putri Hair Spray Non Aerosol Normal (Biru) 450 ML (Pc(s)),1.0,0.0,1.0
00395,Putri Hair Spray Non Aerosol Strong (Hijau) 200 ML (Pc(s)),2.0,0.0,2.0
00398,Putri Styling Glaze 200 ML (Pc(s)),6.0,0.0,6.0
00399,Putri Setting Lotion 200 ML (Pc(s)),6.0,0.0,6.0
00400,Putri Wet Jelly 100 ML (Pc(s)),66.0,0.0,66.0
00401,Putri Wet Look 100 ML (Pc(s)),40.0,0.0,40.0
00419,"IX CC Shift 5.56 Light Red Mahogany Brown, 100 ml",1.0,0.0,1.0
00431,"IX CC Shift 6.4 Dark Copper Blond, 100 ml",1.0,0.0,1.0
00450,"IX Green Douce Shampoo, 240 ml",4.0,0.0,4.0
00452,"IX Green Douce Conditioner, 240 ml",4.0,0.0,4.0
00453,"IX Green Douce Conditioner, 750 ml",1.0,0.0,1.0
00454,"IX Green Douce Treatment Crème, 250 ml",9.0,0.0,9.0
00456,"IX SPA Eaux-périence Shampoo, 240 ml",15.0,0.0,15.0
00458,"IX SPA Eaux-périence Conditioner, 240 ml",9.0,0.0,9.0
00459,"IX SPA Eaux-périence Conditioner, 750 ml",2.0,0.0,2.0
00460,"IX SPA Eaux-périence Treatment Crème, 250 ml",7.0,0.0,7.0
00462,"IX Passiontaste Choco Chique Treat. Crème, 250 ml",2.0,0.0,2.0
00464,"IX Passiontaste Peach Crush Treat. Crème, 250 ml",3.0,0.0,3.0
00466,"IX Passiontaste Strawberry Parfait Treat. Crème, 250 ml",1.0,0.0,1.0
00468,"IX Passiontaste Vanilla Amber Treat. Crème, 250 ml",4.0,0.0,4.0
00472,"IX SS Smoothening Cream for resistant hair, 500 ml",1.0,0.0,1.0
00483,IX Protecteur Beauty Curl Addict Shampoo 240 ml,2.0,0.0,2.0
00489,IX Protecteur Incredible Smooth Luminous Oil 33 ml,1.0,0.0,1.0
00496,IX Protecteur Timeless Care Hair Masque 250 ml,19.0,0.0,19.0
00515,MAKE OVER Hydration Serum 33 ml (Pc(s)),2.0,0.0,2.0
00516,MAKE OVER Camouflage Cream Face Concealer 5X2g (Pc(s)),32.0,0.0,32.0
00517,MAKE OVER Face Contour Kit 14 g (Pc(s)),14.0,0.0,14.0
00518,MAKE OVER Perfect Cover Creamy Foundation 01 Rich Almond 12 g (Pc(s)),2.0,0.0,2.0
00519,MAKE OVER Perfect Cover Creamy Foundation 02 Classic Congo 12 g (Pc(s,3.0,0.0,3.0
00520,MAKE OVER Perfect Cover Creamy Foundation 03 Oxford Brown 12 g (Pc(s)),7.0,0.0,7.0
00521,MAKE OVER Perfect Cover Creamy Foundation 04 Hobo Camel 12 g (Pc(s)),3.0,0.0,3.0
00522,MAKE OVER Perfect Cover Creamy Foundation 05 French Toast 12 g (Pc(s)),7.0,0.0,7.0
00524,MAKE OVER Perfect Cover Creamy Foundation 07 Frosted White 12 g (Pc(s)),9.0,0.0,9.0
00525,MAKE OVER Creamy Foundation Palette 3X12 g (Pc(s)),9.0,0.0,9.0
00526,MAKE OVER Ultra Cover Liquid Matt Foundation 01 Ochre 33 ml (Pc(s)),4.0,0.0,4.0
00527,MAKE OVER Ultra Cover Liquid Matt Foundation 02 Pink Shade 33 ml (pc(s)),2.0,0.0,2.0
00528,MAKE OVER Ultra Cover Liquid Matt Foundation 03 Nude Silk 33 ml (pc(s)),4.0,0.0,4.0
00529,MAKE OVER Ultra Cover Liquid Matt Foundation 04 Amber Rose 33 ml (Pc(s)),2.0,0.0,2.0
00530,MAKE OVER Ultra Cover Liquid Matt Foundation 05 Velvet Nude 33 ml (pc(s)),3.0,0.0,3.0
00531,MAKE OVER Ultra Cover Liquid Matt Foundation 06 Beige Blast 33 ml (pc(s)),3.0,0.0,3.0
00532,MAKE OVER Ultra Cover Liquid Matt Foundation 07 Caramel 33 ml (pc(s)),14.0,0.0,14.0
00533,Make Over Ultra Cover Liquid Matt Foundation 08 Pearl 33 ml (Pc(s)),9.0,0.0,9.0
00534,MAKE OVER Ultra Cover Liquid Matt Foundation 09 Crème Rose 33 ml (pc(s)),4.0,0.0,4.0
00535,"Perfect Cover TWC 01 Lace, 14 gr",10.0,0.0,10.0
00536,"Perfect Cover TWC 02 Coral, 14 gr",10.0,0.0,10.0
00537,"Perfect Cover TWC 03 Maple, 14 gr",3.0,0.0,3.0
00538,"Perfect Cover TWC 04 Desert, 14 gr",9.0,0.0,9.0
00539,"Perfect Cover TWC 05 Cinnamon, 14 gr",5.0,0.0,5.0
00540,"Perfect Cover TWC 06 Cappuccino, 14 gr",6.0,0.0,6.0
00541,"Perfect Cover TWC 07 Espresso , 14 gr",21.0,0.0,21.0
00542,"Perfect Cover TWC 08 Honey, 14 gr",2.0,0.0,2.0
00543,"Perfect Cover TWC Palette, 3x14 gr",3.0,0.0,3.0
00544,"Refill Perfect Cov. TWC 01 Lace, 14 gr",6.0,0.0,6.0
00545,"Refill Perfect Cov. TWC 02 Coral, 14 gr",2.0,0.0,2.0
00546,"Refill Perfect Cov. TWC 03 Maple, 14 gr",3.0,0.0,3.0
00547,"Refill Perfect Cov. TWC 04 Desert, 14 gr",3.0,0.0,3.0
00548,"Refill Perfect Cov. TWC 05 Cinnamon, 14 gr",21.0,0.0,21.0
00549,"Refill Perfect Cov. TWC 06 Cappuccino, 14 gr",6.0,0.0,6.0
00550,"Refill Perfect Cov. TWC 07 Espresso, 14 gr",17.0,0.0,17.0
00552,MAKE OVER Shimmering Powder Bronzed 24 gr (pc(s)),2.0,0.0,2.0
00553,MAKE OVER Shimmering Powder Goldinx 24 gr (Pc(s)),2.0,0.0,2.0
00558,MAKE OVER Silky Smooth Translucent Powder 02 Rosy 35 g (Pc(s)),1.0,0.0,1.0
00559,MAKE OVER Silky Smooth Translucent Powder 03 Champagne 35 g (Pc(s),5.0,0.0,5.0
00560,MAKE OVER Silky Smooth Translucent Powder 04 Toffee 35 g (Pc(s)),12.0,0.0,12.0
00561,MAKE OVER Silky Smooth Translucent Powder 05 Snow 35 g (Pc(s)),1.0,0.0,1.0
00562,"MAKE OVER Palette Perfect Matte Eye Shadow 8X3,5 g (Pc(s))",11.0,0.0,11.0
00563,"MAKE OVER PMES Cocoa Refill Pack 3,5 g (Pc(s))",4.0,0.0,4.0
00564,"MAKE OVER PMES Electric Refill Pack 3,5 g (Pc(s))",7.0,0.0,7.0
00565,"MAKE OVER PMES Emerald Refill Pack 3,5 g (Pc(s))",4.0,0.0,4.0
00567,"MAKE OVER PMES Lime Refill Pack 3,5 g (Pc(s))",3.0,0.0,3.0
00568,"MAKE OVER PMES Navy Refill Pack 3,5 g (Pc(s))",8.0,0.0,8.0
00569,"MAKE OVER PMES Nocturna Refill Pack 3,5 g (Pc(s))",9.0,0.0,9.0
00570,"MAKE OVER PMES Orange Refill Pack 3,5 g (Pc(s))",4.0,0.0,4.0
00571,"MAKE OVER PMES Orchid Refill Pack 3,5 g (Pc(s))",2.0,0.0,2.0
00573,"MAKE OVER PMES Shell Refill Pack 3,5 g (Pc(s))",2.0,0.0,2.0
00574,"MAKE OVER PMES Skyway Refill Pack 3,5 g (Pc(s))",8.0,0.0,8.0
00575,"MAKE OVER PMES Snow Refill Pack 3,5 G (Pc(s))",15.0,0.0,15.0
00576,"MAKE OVER PMES Spring Refill Pack 3,5 g (Pc(s))",6.0,0.0,6.0
00580,"MAKE OVER SGES Caviar Refill Pack 3,5 g (Pc(s))",6.0,0.0,6.0
00583,MAKE OVER Powder Eye Shadow Bronze Fuzz 2 g (Pc(s)),17.0,0.0,17.0
00584,MAKE OVER Powder Eye Shadow Frozen Pink 2 g (Pc(s)),5.0,0.0,5.0
00585,MAKE OVER Powder Eye Shadow Gold Knight 2 g (Pc(s)),6.0,0.0,6.0
00586,MAKE OVER Powder Eye Shadow Golden Attack 2 g (Pc(s)),9.0,0.0,9.0
00587,MAKE OVER Powder Eye Shadow Green Lime 2 g (Pc(s)),4.0,0.0,4.0
00588,MAKE OVER Powder Eye Shadow Holy Ice 2 g (Pc(s)),8.0,0.0,8.0
00589,MAKE OVER Powder Eye Shadow Purple Breeze 2 g (Pc(s)),9.0,0.0,9.0
00590,MAKE OVER Powder Eye Shadow Red Seduction 2 g (Pc(s)),3.0,0.0,3.0
00591,MAKE OVER Powder Eye Shadow Rockin' Blue 2 g (Pc(s)),2.0,0.0,2.0
00592,MAKE OVER Powder Eye Shadow Sparkling Purple 2 g (Pc(s)),5.0,0.0,5.0
00593,MAKE OVER Powder Eye Shadow Squash Delight 2 g (Pc(s)),4.0,0.0,4.0
00594,MAKE OVER Powder Eye Shadow Stunning Berry 2 g (Pc(s)),1.0,0.0,1.0
00595,MAKE OVER Powder Eye Shadow Stacking Pack 01 4x2 g (Pc(s)),2.0,0.0,2.0
00597,"MAKE OVER Palette Shiny Glam Eye Shadow 8x3,5 g (pc(s))",24.0,0.0,24.0
00598,"MAKE OVER SGES Atlantic Refill Pack 3,5 g (Pc(s))",2.0,0.0,2.0
00599,"MAKE OVER SGES Black Stiletto Refill Pack 3,5 g (Pc(s))",4.0,0.0,4.0
00600,"MAKE OVER SGES Breeze Refill Pack 3,5 g (Pc(s))",3.0,0.0,3.0
00601,"MAKE OVER SGES Brown Vegas Refill Pack 3,5 g (Pc(s))",5.0,0.0,5.0
00602,"MAKE OVER SGES Chrome Yellow Refill Pack 3,5 g (Pc(s))",6.0,0.0,6.0
00603,"MAKE OVER SGES Copper Refill Pack 3,5 g (Pc(s))",2.0,0.0,2.0
00604,"MAKE OVER SGES Crystal Refill Pack 3,5 g (pc(s))",5.0,0.0,5.0
00605,"MAKE OVER SGES Flirty Refill Pack 3,5 g (Pc(s))",3.0,0.0,3.0
00606,"MAKE OVER SGES Frost Refill Pack 3,5 g (Pc(s))",6.0,0.0,6.0
00607,"MAKE OVER SGES Gold Refill Pack 3,5 g (Pc(s))",5.0,0.0,5.0
00608,"MAKE OVER SGES Midnight Refill Pack 3,5 g (Pc(s))",13.0,0.0,13.0
00609,"MAKE OVER SGES Mint Refill Pack 3,5 g (Pc(s))",11.0,0.0,11.0
00610,"MAKE OVER SGES Misty Refill Pack 3,5 g (Pc(s))",5.0,0.0,5.0
00611,"MAKE OVER SGES Orange Freak Refill Pack 3,5 g (Pc(s))",4.0,0.0,4.0
00612,"MAKE OVER SGES Peach Ladylike Refill Pack 3,5 g (Pc(s))",1.0,0.0,1.0
00613,"MAKE OVER SGES Rich Brown Refill Pack 3,5 g (Pc(s))",5.0,0.0,5.0
00614,"MAKE OVER SGES Rockstar Refill Pack 3,5 g (Pc(s))",3.0,0.0,3.0
00615,"MAKE OVER SGES Silverest Refill Pack 3,5g (Pc(s))",2.0,0.0,2.0
00616,"MAKE OVER SGES Squeeze Refill Pack 3,5 g (Pc(s))",3.0,0.0,3.0
00617,"MAKE OVER SGES Sunset Refill Pack 3,5 g (Pc(s))",4.0,0.0,4.0
00618,"MAKE OVER SGES Toast Refill Pack 3,5 g (Pc(s))",10.0,0.0,10.0
00619,"MAKE OVER SGES Turqoise Refill Pack 3,5 g (Pc(s))",7.0,0.0,7.0
00620,"MAKE OVER SGES Vibrant Refill Pack 3,5 g (Pc(s))",9.0,0.0,9.0
00621,MAKE OVER Sparkling Powder Gold 2 g (Pc(S)),24.0,0.0,24.0
00622,MAKE OVER Sparkling Powder Silver 2 g (Pc(s)),8.0,0.0,8.0
00623,MAKE OVER Trivia Eye Shadow Black Goddiva 6 g (Pc(s)),15.0,0.0,15.0
00624,MAKE OVER Trivia Eye Shadow Emperor Brown 6 g (Pc(s)),4.0,0.0,4.0
00625,MAKE OVER Trivia Eye Shadow Golden Espress 6 g (Pc(s)),2.0,0.0,2.0
00626,MAKE OVER Trivia Eye Shadow Indian Summer 6 g (Pc(s)),4.0,0.0,4.0
00627,MAKE OVER Trivia Eye Shadow Natural Nude 6 g (Pc(s)),2.0,0.0,2.0
00628,MAKE OVER Trivia Eye Shadow Rainbow 6 g (Pc(s)),4.0,0.0,4.0
00629,MAKE OVER Trivia Eye Shadow Skycrapping Blue 6 g (Pc(s)),11.0,0.0,11.0
00630,MAKE OVER Trivia Eye Shadow Swedish Party 6 g (Pc(s)),1.0,0.0,1.0
00631,MAKE OVER Trivia Eye Shadow Underworld 6 g (Pc(s)),1.0,0.0,1.0
00632,MAKE OVER Trivia Eye Shadow Serendipity 6 g (Pc(s)),26.0,0.0,26.0
00633,MAKE OVER Trivia Eye Shadow Enchanting Nude Spell 6 g (Pc(s)),3.0,0.0,3.0
00634,MAKE OVER Trivia Eye Shadow Love At First Sight 6 g (Pc(s)),12.0,0.0,12.0
00635,MAKE OVER Trivia Eye Shadow Dolly Crush 6 g (Pc(s)),26.0,0.0,26.0
00636,MAKE OVER Trivia Eye Shadow Magical Fairy Tale 6 g (Pc(s)),20.0,0.0,20.0
00637,"MAKE OVER Eyebrow Pencil Black Lines 1,14 g (Pc(s))",147.0,0.0,147.0
00638,"MAKE OVER Eyebrow Pencil Brown To Earth 1,14 g (Pc(s))",12.0,0.0,12.0
00639,"Eye Liner Liquid Black, 1.8 ml",41.0,0.0,41.0
00640,"MAKE OVER Eye Liner Pencil Black Jack 1,2 g (Pc(s))",4.0,0.0,4.0
00641,"MAKE OVER Eye Liner Pencil Brown Latte 1,2 g (Pc(s))",47.0,0.0,47.0
00642,"MAKE OVER Eye Liner Pencil Navy Blue 1,2 g (Pc(s))",381.0,0.0,381.0
00643,"MAKE OVER Eye Liner Pencil White Techno 1,2 g (Pc(s))",77.0,0.0,77.0
00644,"MAKE OVER Eye Liner Pencil Glam Gold 1,2 g (Pc(s))",162.0,0.0,162.0
00645,"MAKE OVER Eye Liner Pencil Goddess Gold 1,2 g (Pc(s))",287.0,0.0,287.0
00646,"MAKE OVER Eye Liner Pencil Posh Purple 1,2 g (Pc(s))",672.0,0.0,672.0
00647,"MAKE OVER Eye Liner Pencil Classic Green 1,2 g (Pc(s))",530.0,0.0,530.0
00648,"MAKE OVER Eye Liner Pencil Royal Blue 1,2 g (Pc(s))",117.0,0.0,117.0
00649,"MAKE OVER Eye Liner Pencil Silver Lines 1,2 g (Pc(s))",10.0,0.0,10.0
00650,"MAKE OVER Eye Liner Pencil Nude Sleek 1,2 g (Pc(s))",49.0,0.0,49.0
00651,MAKE OVER Ultimate Lash Mascara 7.5 ml (Pc(s)),45.0,0.0,45.0
00652,MAKE OVER Eye Liner Pencil Package Black Jack (Pc(s)),10.0,0.0,10.0
00653,MAKE OVER Eye Liner Pencil Package Navy Blue (Pc(s)),9.0,0.0,9.0
00654,MAKE OVER Eye Liner Pencil Package Royal Blue (Pc(s)),15.0,0.0,15.0
00655,MAKE OVER Eye Liner Pencil Package Brown Latte (Pc(s)),12.0,0.0,12.0
00656,MAKE OVER BO Single 01 Pink Fantasist 6 g (Pc(s)),2.0,0.0,2.0
00657,MAKE OVER BO Single 02 Iredescent Pink 6 g (Pc(s)_),14.0,0.0,14.0
00658,MAKE OVER BO Single 03 Promiscious Peach 6g (Pc(s)),1.0,0.0,1.0
00659,MAKE OVER BO Single 04 Royal Espresso 6 g (Pc(s)),7.0,0.0,7.0
00660,MAKE OVER BO Single 05 Brown Strada 6 g (Pc(s)),21.0,0.0,21.0
00661,MAKE OVER BO Single 06 Caribbean Sunset 6 g (Pc(s)),1.0,0.0,1.0
00662,MAKE OVER BO Single 07 Scarlet Sheen 6 g (Pc(s)),3.0,0.0,3.0
00663,MAKE OVER BO Single 08 Cruise Coral 6 g (Pc(s)),7.0,0.0,7.0
00664,MAKE OVER BO Single 09 Summer Twist 6 g (Pc(s)),3.0,0.0,3.0
00665,"MAKE OVER BO 01 Pink Fantasist Refill Pack 3,5 g (pc(s))",16.0,0.0,16.0
00666,"MAKE OVER BO 02 Iredescent Pink Refill Pack 3,5 g (pc(s))",11.0,0.0,11.0
00667,"MAKE OVER BO 03 Promiscious Peach Refill Pack 3,5 g (Pc(s))",14.0,0.0,14.0
00668,"MAKE OVER BO 04 Royal Espresso Refill Pack 3,5 g (Pc(s))",14.0,0.0,14.0
00669,"MAKE OVER BO 05 Brown Strada Refill Pack 3,5 g (Pc(s))",16.0,0.0,16.0
00670,"MAKE OVER BO 06 Caribbean Sunset Refill Pack 3,5 g (Pc(s))",21.0,0.0,21.0
00671,"MAKE OVER BO 07 Scarlet Sheen Refill Pack 3,5 g (Pc(s))",11.0,0.0,11.0
00672,"MAKE OVER BO 08 Cruise Coral Refill Pack 3,5 g (Pc(s))",17.0,0.0,17.0
00673,MAKE OVER BO 09 Summer Twist Refill Pack 3.5 g (Pc(s)),27.0,0.0,27.0
00674,MAKE OVER Cheek Marbles 20 g (Pc(s)),6.0,0.0,6.0
00675,"MAKE OVER Perfect Shade Blush On Palette 8X3,5 g (Pc(s))",6.0,0.0,6.0
00676,MAKE OVER Creamy Lust Lipstick 01 Sassy Pink 4 g (Pc(s)),42.0,0.0,42.0
00677,MAKE OVER Creamy Lust Lipstick 02 Retro Pink 4 g (Pc(s)),7.0,0.0,7.0
00678,MAKE OVER Creamy Lust Lipstick 03 Raisin Plum 4 g (Pc(s)),36.0,0.0,36.0
00679,MAKE OVER Creamy Lust Lipstick 04 Quirky Red 4 g (Pc(s)),41.0,0.0,41.0
00680,MAKE OVER Creamy Lust Lipstick 05 Red Rhapsody 4 g (Pc(s)),26.0,0.0,26.0
00681,MAKE OVER Creamy Lust Lipstick 06 Glorius Gold 4 g (Pc(s)),22.0,0.0,22.0
00682,MAKE OVER Creamy Lust Lipstick 07 Mauve Brown 4 g (Pc(s)),14.0,0.0,14.0
00683,MAKE OVER Creamy Lust Lipstick 08 Twilight Buff 4 g (Pc(s)),17.0,0.0,17.0
00684,MAKE OVER Creamy Lust Lipstick 09 Clover Haze 4 g (Pc(s)),23.0,0.0,23.0
00685,MAKE OVER Creamy Lust Lipstick 10 Frappz Nude 4 g (Pc(s)),47.0,0.0,47.0
00686,MAKE OVER Creamy Lust Lipstick 11 Innudecent 4 g (Pc(s)),41.0,0.0,41.0
00687,MAKE OVER Creamy Lust Lipstick 12 Nude in Paradise 4 g (Pc(s)),19.0,0.0,19.0
00689,"MAKE OVER Glitter Lipstick Gold 3,8 g (Pc(s))",1.0,0.0,1.0
00691,"MAKE OVER Lip Color Palette Peplum Pink 02 5x1,7 g (Pc(s))",2.0,0.0,2.0
00692,"MAKE OVER Lip Color Palette Poprock Peach 03 5x1,7 g (Pc(s))",15.0,0.0,15.0
00693,"MAKE OVER Lip Color Palette Retro Red 01 5x1,7 g (Pc(s))",18.0,0.0,18.0
00694,"MAKE OVER Lipcolor Pencil Dazzling Nude 2,49 g (Pc(s))",6.0,0.0,6.0
00696,"MAKE OVER Lipcolor Pencil Flirtous Red 2,49 g (Pc(s))",14.0,0.0,14.0
00697,"MAKE OVER Lipcolor Pencil Marilyn Pink 2,49 g (Pc(s))",11.0,0.0,11.0
00699,"MAKE OVER Lip Liner Lust Brown 1,2 g (Pc(s))",72.0,0.0,72.0
00700,"MAKE OVER Lip Liner Reddish Junk 1,2g (Pc(s))",39.0,0.0,39.0
00701,"MAKE OVER Lip Liner Sexy Pink 1,2g (Pc(s))",56.0,0.0,56.0
00702,MAKE OVER Liquid Lip Color Brilliant Caramel 5 ml (Pc(s)),10.0,0.0,10.0
00703,MAKE OVER Liquid Lip Color Bronze Addict 5 ml (Pc(s)),12.0,0.0,12.0
00704,MAKE OVER Liquid Lip Color Drop-Dead Pink 5 ml (Pc(s)),7.0,0.0,7.0
00705,MAKE OVER Liquid Lip Color Flare Pink 5 ml (Pc(s)),12.0,0.0,12.0
00707,MAKE OVER Liquid Lip Color Glam Diva 5 ml (Pc(s)),13.0,0.0,13.0
00708,MAKE OVER Liquid Lip Color Grape Rose 5 ml (Pc(s)),4.0,0.0,4.0
00709,MAKE OVER Liquid Lip Color Hazelnut 5 ml (Pc(s)),14.0,0.0,14.0
00710,MAKE OVER Liquid Lip Color Kissable Peach 5 ml (Pc(s)),16.0,0.0,16.0
00711,MAKE OVER Liquid Lip Color Luscious Pink 5 ml (Pc(s)),29.0,0.0,29.0
00712,MAKE OVER Liquid Lip Color Machiato 5 ml (Pc(s)),5.0,0.0,5.0
00713,MAKE OVER Liquid Lip Color Pink Punch 5 ml (Pc(s)),30.0,0.0,30.0
00714,MAKE OVER Liquid Lip Color Red Temptation 5 ml (Pc(s)),10.0,0.0,10.0
00715,"Ultra Hi-Matte Lips. 001 King of Pink, 2.5 gr",29.0,0.0,29.0
00716,"Ultra Hi-Matte Lips. 002 Pink Alcatraz, 2.5 gr",6.0,0.0,6.0
00717,"Ultra Hi-Matte Lips. 003 Sophist Red, 2.5 gr",15.0,0.0,15.0
00718,"Ultra Hi-Matte Lips. 004 Red Heatwave, 2.5 gr",6.0,0.0,6.0
00719,"Ultra Hi-Matte Lips. 005 Champagne Rose, 2.5 gr",5.0,0.0,5.0
00720,"Ultra Hi-Matte Lips. 006 Silky Blonde, 2.5 gr",8.0,0.0,8.0
00721,"Ultra Hi-Matte Lips. 007 Think Pink, 2.5 gr",20.0,0.0,20.0
00722,"Ultra Hi-Matte Lips. 008 Runway Rebel 2,5 g",32.0,0.0,32.0
00723,"Ultra Hi-Matte Lips. 009 Foxy 2,5 g",13.0,0.0,13.0
00724,"Ultra Hi-Matte Lips. 010 Smooch 2,5 g",6.0,0.0,6.0
00725,"Ultra Hi-Matte Lips. 011 Baby Bombshell 2,5 g",9.0,0.0,9.0
00726,"Ultra Hi-Matte Lips. 012 Envy 2,5 g",11.0,0.0,11.0
00727,"Ultra Hi-Matte Lips. 013 Orange Pop 2,5 g",16.0,0.0,16.0
00728,"Ultra Hi-Matte Lips. 014 Urban Rouge 2,5 g",11.0,0.0,11.0
00729,"Ultra Hi-Matte Lips. 015 Fame Fatale 2,5 g",17.0,0.0,17.0
00730,"MAKE OVER Ultra Shine Lipstick 01 Ice Angle 3,8 g (Pc(s))",37.0,0.0,37.0
00731,"MAKE OVER Ultra Shine Lipstick 02 Brunet Pink 3,8 g (Pc(s))",18.0,0.0,18.0
00732,"MAKE OVER Ultra Shine Lipstick 03 Artful Amethyst 3,8 g (Pc(s))",21.0,0.0,21.0
00733,"MAKE OVER Ultra Shine Lipstick 04 Reddish Junk 3,8 g (Pc(s))",7.0,0.0,7.0
00734,"MAKE OVER Ultra Shine Lipstick 05 Tahitian Red 3,8 g (Pc(s))",19.0,0.0,19.0
00735,"MAKE OVER Ultra Shine Lipstick 06 Gorgeous Red 3,8 g (Pc(s))",16.0,0.0,16.0
00736,"MAKE OVER Ultra Shine Lipstick 07 Red Alert 3,8 g (Pc(s))",13.0,0.0,13.0
00737,"MAKE OVER Ultra Shine Lipstick 08 Mocha Toffee 3,8 g (Pc(s))",8.0,0.0,8.0
00738,"MAKE OVER Ultra Shine Lipstick 09 Venetian Brown 3,8 g (Pc(s))",21.0,0.0,21.0
00739,"MAKE OVER Ultra Shine Lipstick 10 Down To Brown 3,8 g (Pc(s))",33.0,0.0,33.0
00740,"MAKE OVER Ultra Shine Lipstick 11 Peach Vaganza 3,8 g (Pc(s))",46.0,0.0,46.0
00741,"MAKE OVER Ultra Shine Lipstick 12 Nudist Freak 3,8 g (Pc(s))",22.0,0.0,22.0
00742,"MAKE OVER Ultra Shine Lipstick 13 Everlasting Kiss 3,8 g (Pc(s))",30.0,0.0,30.0
00743,"MAKE OVER Creamy Lipgloss Gold 3,1 g (Pc(s))",17.0,0.0,17.0
00744,"MAKE OVER Creamy Lipgloss Nude 3,1 g (Pc(s))",14.0,0.0,14.0
00745,"MAKE OVER Creamy Lipgloss Peach 3,1 g (Pc(s))",21.0,0.0,21.0
00746,"MAKE OVER Creamy Lipgloss Pink 3,1 g (Pc(s))",2.0,0.0,2.0
00747,"MAKE OVER Creamy Lipgloss Stacking Pack 4X3,1 g (Pc(s))",31.0,0.0,31.0
00748,"MAKE OVER Lipbalm Lip Nutrition Melon Crazy 3,8 g (Pc(s))",4.0,0.0,4.0
00749,"MAKE OVER Lipbalm Lip Nutrition Orange Crush 3,8 g (Pc(s))",28.0,0.0,28.0
00750,"MAKE OVER Lipbalm Lip Nutrition Vanilla Latte 3,8 g (Pc(s))",24.0,0.0,24.0
00756,MAKE OVER Cleansing Cream 60 ml (Pc(s)),16.0,0.0,16.0
00757,MAKE OVER Light Remover 100 ml (Pc(s)),16.0,0.0,16.0
00758,MAKE OVER Make Up Remover 100 ml (Pc(s)),3.0,0.0,3.0
00759,MAKE OVER Toner 100 ml (Pc(s)),7.0,0.0,7.0
00761,MAKE OVER Eye Lash Curler (Pc(s)),2.0,0.0,2.0
00762,MAKE OVER 20 pcs brush set (leather bag) (Pc(s)),5.0,0.0,5.0
00765,Emina Bare With Me Mineral Compact Powder 01 Fair 14 gr (Pc(s)),9.0,0.0,9.0
00766,Emina Bare With Me Mineral Compact Powder 02 Light Beige 14 gr (Pc(s)),6.0,0.0,6.0
00767,Emina Bare With Me Mineral Compact Powder 03 Amber 14 gr (Pc(s)),20.0,0.0,20.0
00768,Emina Bare With Me Mineral Compact Powder 04 Ebony 14 gr (Pc(s)),12.0,0.0,12.0
00769,Emina Bare With Me Mineral Loose Powder 01 Fair 8 gr (Pcs)),10.0,0.0,10.0
00770,Emina Bare With Me Mineral Loose Powder 02 Light Beige 8 gr (Pcs)),1.0,0.0,1.0
00771,Emina Bare With Me Mineral Loose Powder 03 Amber 8 gr (Pcs)),1.0,0.0,1.0
00772,Emina Bare With Me Mineral Loose Powder 04 Ebony 8 gr (Pcs)),11.0,0.0,11.0
00773,Emina Beauty Bliss BB Cream Light 20 ml (Pc(s)),107.0,0.0,107.0
00774,Emina Beauty Bliss BB Cream Natural 20 ml (Pc(s)),112.0,0.0,112.0
00775,Emina Cheek Lit Cream Blush Pink 10 ml (Pc(s)),78.0,0.0,78.0
00776,Emina Cheek Lit Cream Blush Peach 10 ml (Pc(s)),118.0,0.0,118.0
00777,Emina Cheek Lit Pressed Blush Bittersweet 3.5 gr (Pc(s)),5.0,0.0,5.0
00778,Emina Cheek Lit Pressed Blush Cherry Blossoms 3.5 gr (Pc(s)),6.0,0.0,6.0
00779,Emina Cheek Lit Pressed Blush Cotton Candy 3.5 gr (Pc(s)),5.0,0.0,5.0
00780,Emina Cheek Lit Pressed Blush Marshmallow Lady 3.5 gr (Pc(s)),10.0,0.0,10.0
00781,Emina Cheek Lit Pressed Blush Sugarcane 3.5 gr (Pc(s)),6.0,0.0,6.0
00782,Emina Cheek Lit Pressed Blush Violet Berry 3.5 gr (Pc(s)),7.0,0.0,7.0
00783,Emina City Chic CC Cake Meringue 12 gr (Pc(s)),137.0,0.0,137.0
00784,Emina City Chic CC Cake Peach 12 gr (Pc(s)),13.0,0.0,13.0
00785,Emina City Chic CC Cake Butterscotch 12 gr (Pc(s)),305.0,0.0,305.0
00786,Emina City Chic CC Cake Latte 12 gr (Pc(s)),20.0,0.0,20.0
00787,Emina Creme de la Creme Lipstick 01 Mandy's Pink 3.8 gr (Pc(s)),7.0,0.0,7.0
00788,Emina crème de la crème Lipstick 02 Emma's Nude 3.8 gr (Pc(s)),14.0,0.0,14.0
00789,Emina crème de la crème Lipstick 03 Emily's Peach 3.8 gr (Pc(s)),15.0,0.0,15.0
00790,Emina crème de la crème Lipstick 04 Sophie's Orange 3.8 gr (Pc(s)),26.0,0.0,26.0
00791,Emina crème de la crème Lipstick 05 Charlotte's Red 3.8 gr (Pc(s)),15.0,0.0,15.0
00792,Emina crème de la crème Lipstick 06 Chloe's Fuchsia 3.8 gr (Pc(s)),42.0,0.0,42.0
00793,Emina Liquid Lip Shine Cerise Red 4.5 ml (Pc(s)),17.0,0.0,17.0
00794,Emina Liquid Lip Shine Wineberry 4.5 ml (Pc(s)),23.0,0.0,23.0
00795,Emina Liquid Lip Shine Carnation Pink 4.5 ml (Pc(s)),14.0,0.0,14.0
00796,Emina Liquid Lip Shine Buttery Nude 4.5 ml (Pc(s)),17.0,0.0,17.0
00797,Emina My Favourite Things Lip Color Balm 01 Shopaholic Queen 2.5 gr (Pc(s)),324.0,0.0,324.0
00798,Emina My Favourite Things Lip Color Balm 02 Library Queen 2.5 gr (Pc(s)),695.0,0.0,695.0
00799,Emina My Favourite Things Lip Color Balm 03 Picnic Queen 2.5 gr (Pc(s)),139.0,0.0,139.0
00800,Emina My Favourite Things Lip Color Balm 04 Summer Queen 2.5 gr (Pc(s)),143.0,0.0,143.0
00801,Emina My Favourite Things Lip Color Balm 05 Dancing Queen 2.5 gr (Pc(s)),204.0,0.0,204.0
00802,Emina My Favourite Things Lip Color Balm 06 Socialite Queen 2.5 gr (Pc(s)),341.0,0.0,341.0
00807,Emina Oh So Kissable Lipstick 05 Cherry Pie 3.4 gr (Pc(s)),2.0,0.0,2.0
00809,Emina Pop Rouge Pressed Eye Shadow Purple 3.3 gr (Pc(s)),44.0,0.0,44.0
00810,Emina Pop Rouge Pressed Eye Shadow Blue 3.3 gr (Pc(s)),40.0,0.0,40.0
00811,Emina Pop Rouge Pressed Eye Shadow Gelato 3.3 gr (Pc(s)),8.0,0.0,8.0
00812,Emina Pop Rouge Pressed Eye Shadow Romantic 3.3 gr (Pc(s)),15.0,0.0,15.0
00813,Emina Pop Rouge Pressed Eye Shadow Colorful 3.3 gr (Pc(s)),12.0,0.0,12.0
00814,Emina Pop Rouge Pressed Eye Shadow Nude 3.3 gr (Pc(s)),6.0,0.0,6.0
00816,Emina Eye Do! Pencil Eye Liner Brown 1 gr (Pc(s)),13.0,0.0,13.0
00817,Emina Eye Do! Pencil Eye Liner Blue 1 gr (Pc(s)),32.0,0.0,32.0
00818,Emina Eye Do! Pencil Eye Liner Purple 1 gr (Pc(s)),23.0,0.0,23.0
00819,Emina Eye Do! Pencil Eye Liner Gold 1 gr (Pc(s)),27.0,0.0,27.0
00820,Emina Agent of Brow Black 1.2 gr (Pc(s)),16.0,0.0,16.0
00822,Emina Star Lash Aqua Mascara 5 gr (Pc(s)),4.0,0.0,4.0
00823,Emina Shower Gel Daisy 100 ml (Pc(s)),31.0,0.0,31.0
00824,Emina Double Agent Eyebrow Black 0.3 gr (Pc(s)),14.0,0.0,14.0
00825,Emina Double Agent Eyebrow Brown 0.3 gr (Pc(s)),9.0,0.0,9.0
00826,Emina Double The Moist Face Toner 50 ml (Pc(s)),2.0,0.0,2.0
00827,Emina Eye Do! Crayon Pour Les Yeux Black 0.2 gr (Pc(s)),2.0,0.0,2.0
00828,Emina Eye Do! Crayon Pour Les Yeux Brown 0.2 gr (Pc(s)),24.0,0.0,24.0
00829,Emina Eye Do! Crayon Pour Les Yeux Deep Purple 0.2 gr (Pc(s)),61.0,0.0,61.0
00833,Emina Once Upon a Time Lipstick 01 Carousel 3.8 gr (Pc(s)),11.0,0.0,11.0
00834,Emina Once Upon a Time Lipstick 02 Fairy 3.8 gr (Pc(s)),6.0,0.0,6.0
00835,Emina Once Upon a Time Lipstick 03 Periwinkle 3.8 gr (Pc(s)),4.0,0.0,4.0
00836,Emina Once Upon a Time Lipstick 04 Sunset 3.8 gr (Pc(s)),21.0,0.0,21.0
00876,Wardah Refill Exclusive Two Way Cake 01 Light Beige 12 gr (pc(s)),33.0,0.0,33.0
00877,Wardah Refill Exclusive Two Way Cake 02 Sheer Pink 12 gr (Pc(s)),26.0,0.0,26.0
00878,Wardah Refill Exclusive Two Way Cake 03 Sandy Beige 12 gr (Pc(s)),39.0,0.0,39.0
00879,Wardah Refill Exclusive Two Way Cake 04 Natural 12 gr (pc(s)),36.0,0.0,36.0
00880,Wardah Refill Exclusive Two Way Cake 05 Coffee Beige 12 gr (Pc(s)),25.0,0.0,25.0
00881,Wardah Exclusive Two Way Cake 01 Light Beige 12 gr (pc(s)),107.0,0.0,107.0
00882,Wardah Exclusive Two Way Cake 02 Sheer Pink 12 gr (pc(s)),135.0,0.0,135.0
00883,Wardah Exclusive Two Way Cake 03 Sandy Beige 12 gr (pc(s)),76.0,0.0,76.0
00884,Wardah Exclusive Two Way Cake 04 Natural 12 gr (pc(s)),68.0,0.0,68.0
00885,Wardah Exclusive Two Way Cake 05 Coffee Beige 12 gr (pc(s)),33.0,0.0,33.0
00886,MAKE OVER Perfect Cover TWC 01 Lace 12 g (Pc(s)),6.0,0.0,6.0
00887,MAKE OVER Perfect Cover TWC 02 Coral 12 g (Pc(s)),5.0,0.0,5.0
00888,MAKE OVER Perfect Cover TWC 03 Maple 12 g (Pc(s)),6.0,0.0,6.0
00889,MAKE OVER Perfect Cover TWC 04 Desert 12 g (Pc(s)),2.0,0.0,2.0
00890,MAKE OVER Perfect Cover TWC 05 Cinnamon 12 g (Pc(s)),2.0,0.0,2.0
00891,MAKE OVER Perfect Cover TWC 07 Espresso 12 g (Pc(s)),9.0,0.0,9.0
00892,MAKE OVER Perfect Cover TWC 06 Cappuccino 12 g (Pc(s)),3.0,0.0,3.0
00893,MAKE OVER Perfect Cover Refill TWC 01 Lace 12 g (Pc(s)),3.0,0.0,3.0
00894,MAKE OVER Perfect Cover Refill TWC 02 Coral 12 g (Pc(s)),2.0,0.0,2.0
00895,MAKE OVER Perfect Cover Refill TWC 03 Maple 12 g (Pc(s)),3.0,0.0,3.0
00896,MAKE OVER Perfect Cover Refill TWC 04 Desert 12 g (Pc(s)),3.0,0.0,3.0
00897,MAKE OVER Perfect Cover Refill TWC 05 Cinnamon 12 g (Pc(s)),6.0,0.0,6.0
00901,MAKE OVER Perfect Cover Refill TWC 08 Honey 12 g (Pc(s)),7.0,0.0,7.0
00902,Wardah Eye Brow Black,1176.0,0.0,1176.0
00903,Wardah Eye Brow Brown,504.0,0.0,504.0
00904,"MAKE OVER Ultra Hi-Matte Lipstick 016 Silhouette 2,5 g (Pc(s))",12.0,0.0,12.0
00905,"MAKE OVER Ultra Hi-Matte Lipstick 017 Outrageous 2,5 g (Pc(s))",28.0,0.0,28.0
00906,MAKE OVER Liquid Lip Color Red Babydoll 5 ml (Pc(s)),7.0,0.0,7.0
00907,MAKE OVER Liquid Lip Color Penelope Pink 5 ml (Pc(s)),18.0,0.0,18.0
00908,MAKE OVER Liquid Lip Color Jazzy Peach 5 ml (Pc(s)),12.0,0.0,12.0
00909,MAKE OVER Liquid Lip Color Peach Ballet 5 ml (Pc(s)),3.0,0.0,3.0
00910,MAKE OVER Liquid Lip Color Mad Orange 5 ml (Pc(s)),5.0,0.0,5.0
00911,MAKE OVER Liquid Lip Color Sweet Peach 5 ml (Pc(s)),28.0,0.0,28.0
00912,Emina Double Bubble Face Wash 60 ml (Pc(s)),21.0,0.0,21.0
00913,Emina Sun Protection SPF 30 60 ml (Pc(s)),5649.0,0.0,5649.0
00914,Emina Oh So Kissable Lipstick 07 Jelly Blush 3.4 gr (Pc(s)),2.0,0.0,2.0
00915,Emina Oh So Kissable Lipstick 09 Orange Slush 3.4 gr (Pc(s)),12.0,0.0,12.0
00916,Emina Oh So Kissable Lipstick 08 Fantasti-Cho 3.4 gr (Pc(s)),10.0,0.0,10.0
00917,Emina Oh So Kissable Lipstick 10 Pink Berry 3.4 gr (Pc(s)),2.0,0.0,2.0
00918,Wardah Lightening Two Way Cake Extra Cover 01 Light Beige 10 gr (Pc(s)),6.0,0.0,6.0
00919,Wardah Lightening Two Way Cake Extra Cover 02 Golden Beige 10 gr (Pc(s)),1.0,0.0,1.0
00920,Wardah Lightening Two Way Cake Extra Cover 03 Sheer Pink 10 gr (Pc(s)),2.0,0.0,2.0
00921,Wardah Lightening Two Way Cake Extra Cover 04 Natural 10 gr (Pc(s)),14.0,0.0,14.0
00922,Wardah Refill Lightening Two Way Cake Extra Cover 01 Light Beige 10 gr (Pc(s)),30.0,0.0,30.0
00923,Wardah Refill Lightening Two Way Cake Extra Cover 02 Golden Beige 10 gr (Pc(s)),7.0,0.0,7.0
00924,Wardah Refill Lightening Two Way Cake Extra Cover 03 Sheer Pink 10 gr (Pc(s)),24.0,0.0,24.0
00925,Wardah Refill Lightening Two Way Cake Extra Cover 04 Natural 10 gr (Pc(s)),10.0,0.0,10.0
00926,"Wardah Eye Shadow H 3,3 gr",129.0,0.0,129.0
00927,"Wardah Eye Shadow I 3,3 gr (pc(s))",39.0,0.0,39.0
00928,"Wardah Eye Shadow J 3,3 gr (pc(s))",71.0,0.0,71.0
00929,"Wardah Eye Shadow K 3,3 gr",116.0,0.0,116.0
00930,"Wardah Eye Shadow L 3,3 gr (pc(s))",88.0,0.0,88.0
00931,"Wardah Eye Shadow M 3,3 gr (pc(s))",102.0,0.0,102.0
00932,"Wardah Eye Shadow N 3,3 gr (pc(s))",303.0,0.0,303.0
00933,"Wardah Eye Shadow A 3,3 gr (pc(s))",41.0,0.0,41.0
00934,"Wardah Eye Shadow B 3,3 gr (pc(s))",56.0,0.0,56.0
00935,"Wardah Eye Shadow C 3,3 gr",174.0,0.0,174.0
00936,"Wardah Eye Shadow D 3,3 gr (pc(s))",35.0,0.0,35.0
00937,"Wardah Eye Shadow E 3,3 gr (pc(s))",165.0,0.0,165.0
00938,"Wardah Eye Shadow F 3,3 gr (pc(s))",305.0,0.0,305.0
00939,"Wardah Eye Shadow G 3,3 gr (pc(s))",265.0,0.0,265.0
00940,"Wardah EyeXpert Eyeshadow Classic 3,3 gr",84.0,0.0,84.0
00941,"Wardah EyeXpert Eyeshadow Passionate 3,3 gr",693.0,0.0,693.0
00942,Wardah Exclusive Matte Lip Cream 01 Red-dicted 4 gr (Pc(s)),7.0,0.0,7.0
00943,Wardah Exclusive Matte Lip Cream 02 Fuschionately 4 gr (Pc(s)),390.0,0.0,390.0
00944,Wardah Exclusive Matte Lip Cream 03 See You Latte 4 gr (Pc(s)),458.0,0.0,458.0
00945,Wardah Exclusive Matte Lip Cream 04 Pink Me 4 gr (Pc(s)),1318.0,0.0,1318.0
00946,Wardah Exclusive Matte Lip Cream 05 Speachless 4 gr (Pc(s)),30.0,0.0,30.0
00947,Wardah Exclusive Matte Lip Cream 06 Feeling Red 4 gr (Pc(s)),12.0,0.0,12.0
00948,Wardah Eye Liner Black,338.0,0.0,338.0
00950,Wardah Eye Liner White,10128.0,0.0,10128.0
00951,Wardah Nude Lipstick 01 Sugary Nude 3.9 gr (Pc(s)),52.0,0.0,52.0
00952,Wardah Nude Lipstick 02 Creamy Rose 3.9 gr (Pc(s)),26.0,0.0,26.0
00953,Wardah Nude Lipstick 03 Pure Hazelnut 3.9 gr (Pc(s)),78.0,0.0,78.0
00954,Wardah Nude Lipstick 04 Peach Caramel 3.9 gr (Pc(s)),39.0,0.0,39.0
00955,Wardah Nude Lipstick 05 Crimson Brown 3.9 gr (Pc(s)),47.0,0.0,47.0
00956,Wardah Nude Lipstick 06 Modest Plum 3.9 gr (Pc(s)),110.0,0.0,110.0
00957,Emina Sugar Rush Lip Scrub 4.2 gr (Pc(s)),4.0,0.0,4.0
00958,Emina Sugar Rush Lipstick 01 Pink Velvet 3.8 gr (Pc(s)),59.0,0.0,59.0
00959,Emina Sugar Rush Lipstick 02 Cookie Dough 3.8 gr (Pc(s)),16.0,0.0,16.0
00960,Emina Sugar Rush Lipstick 03 Cherry Bomb 3.8 gr (Pc(s)),86.0,0.0,86.0
00961,Emina Sugar Rush Lipstick 04 Maroon Macaroon 3.8 gr (Pc(s)),34.0,0.0,34.0
00962,Emina Sugar Rush Face Scrub 60 ml (Pc(s)),393.0,0.0,393.0
00963,Emina The Bright Stuff Face Toner 50 ml (Pc(s)),16.0,0.0,16.0
00964,Emina Witch Power Face Toner 50 ml (Pc(s)),3.0,0.0,3.0
00965,Emina Body Sorbet Watermelon 100 ml (Pc(s)),2.0,0.0,2.0
00966,Emina Body Sorbet Kiwi 100 ml (Pc(s)),2.0,0.0,2.0
00967,Emina Body Sorbet Pineapple 100 ml (Pc(s)),7.0,0.0,7.0
00973,Emina Creamatte Chocolava 5 gr (Pc(s)),3.0,0.0,3.0
00976,"MAKE OVER Professional Highlight & Contour Palette 8 x 3,5 g (Pc(s))",188.0,0.0,188.0
00977,"MAKE OVER Ultra Hi-Matte Lipstick 018 Divine 2,5 g (Pc(s))",3.0,0.0,3.0
00979,"MAKE OVER Intense Matte Lip Cream 001 Lavish 6,5 g (Pc(s))",63.0,0.0,63.0
00980,"MAKE OVER Intense Matte Lip Cream 002 Heiress 6,5 g (Pc(s))",1405.0,0.0,1405.0
00981,"MAKE OVER Intense Matte Lip Cream 003 Secret 6,5 g (Pc(s))",1992.0,0.0,1992.0
00982,"MAKE OVER Intense Matte Lip Cream 004 Vanity 6,5 g (Pc(s))",2520.0,0.0,2520.0
00983,"MAKE OVER Intense Matte Lip Cream 005 Impulse 6,5 g (Pc(s))",1263.0,0.0,1263.0
00984,"MAKE OVER Intense Matte Lip Cream 006 Cosmopolitan 6,5 g (Pc(s))",972.0,0.0,972.0
00985,"MAKE OVER Intense Matte Lip Cream 007 Scarlet 6,5 g (Pc(s))",797.0,0.0,797.0
00988,"MAKE OVER BO 10 Passion Pink Refill Pack 3,5 g (Pc(s))",8.0,0.0,8.0
00989,"MAKE OVER Eye Brow Definition Kit 6,4 g (Pc(s))",5.0,0.0,5.0
00990,"Lightening Day Cream Step 1, 36 ml",7.0,0.0,7.0
00991,Wardah Longlasting Lipstick 13 Classic Brown 2.3 g (Pc(s)),11.0,0.0,11.0
00992,Wardah Longlasting Lipstick 14 Violet Pink 2.3 g (Pc(s)),21.0,0.0,21.0
00993,Wardah EyeXpert Perfect Match Limited Edition (Pc(s)),10.0,0.0,10.0
00997,Wardah Facial Serum Normal To Dry 5x5 ml (pc(s)),12.0,0.0,12.0
00998,Wardah Facial Serum Normal To Oily 5x5 ml (Pc(s)),11.0,0.0,11.0
01003,Wardah Lightening Night Cream Step 1 36 ml (Pc(s)),14.0,0.0,14.0
01006,Wardah White Secret Soothing Lotion 150 ml (Pc(s)),6.0,0.0,6.0
01012,Wardah Refill Lightening Two Way Cake Light Feel 03 Sheer Pink S 12 gr (pc(s)),6.0,0.0,6.0
01014,Emina Beauty Bliss BB Cream Caramel 20 ml (Pc(s)),9.0,0.0,9.0
01015,Emina City Chic CC Cream Natural 20 ml (Pc(s)),1.0,0.0,1.0
01016,Emina Dirt-less In Sight Make UP Remover 50 ml (Pc(s)),1.0,0.0,1.0
01017,Wardah Lightening Night Cream Step 2 36 ml (Pc(s)),1.0,0.0,1.0
01018,Emina Top Secret Eyebrow 2.9 gr (Pc(s)),1.0,0.0,1.0
01020,MAKE OVER Professional Makeup Remover 100 ml (Pc(s)),3.0,0.0,3.0
01021,Emina Moist In a Bottle 50 ml (Pc(s)),5.0,0.0,5.0
01026,"Wardah Intense Matte Lipstick 12 Lady Burgundy 2,5 gr (Pc(s))",5.0,0.0,5.0
01027,"Wardah Intense Matte Lipstick 01 Socialite Peach 2,5 gr (Pc(s))",2.0,0.0,2.0
01028,"Wardah Intense Matte Lipstick 11 Choco Town 2,5 gr (Pc(S))",2.0,0.0,2.0
01030,"Wardah Intense Matte Lipstick 02 Blushing Nude 2,5 gr (Pc(s))",5.0,0.0,5.0
01031,"Wardah Intense Matte Lipstick 03 Peach Perfect 2,5 gr (Pc(s))",4.0,0.0,4.0
01032,"Wardah Intense Matte Lipstick 04 Mauve Mellow 2,5 gr (Pc(s))",10.0,0.0,10.0
01033,"Wardah Intense Matte Lipstick 05 Easy Brownie 2,5 gr (Pc(s))",2.0,0.0,2.0
01034,"Wardah Intense Matte Lipstick 06 Blooming Pink 2,5 gr (Pc(s))",4.0,0.0,4.0
01035,"Wardah Intense Matte Lipstick 07 Passionate Pink 2,5 gr (Pc(s))",3.0,0.0,3.0
01036,"Wardah Intense Matte Lipstick 08 Retro Red 2,5 gr (Pc(s))",6.0,0.0,6.0
01037,"Wardah Intense Matte Lipstick 09 Vibrant-Red 2,5 gr (Pc(s))",6.0,0.0,6.0
01038,"Wardah Intense Matte Lipstick 10 Miss Terracotta 2,5 gr (Pc(s))",1.0,0.0,1.0
01039,Emina Creamy Milk Cleansing Lotion 50 ml (Pc(s)),36.0,0.0,36.0
01041,Wardah C-Defense Face Mist 55 ml (Pc(s)),17.0,0.0,17.0
01042,Emina Smoochies Lip Balm Cucumber Juice 3.7 gr (pc(s)),2.0,0.0,2.0
01044,"Wardah Eyexpert Staylast Gel Eyeliner 2,3 gr (Pc(s))",71.0,0.0,71.0
01050,Emina crème de la crème Lipstick 07 Sofia's Plum 3.8 gr (Pc(s)),17.0,0.0,17.0
01051,MAKE OVER TWC Palette 3X12 g (Pc(s)),2.0,0.0,2.0
01055,Wardah Nature Daily Seaweed Primary Skin Hydrating Booster 100 ml,40.0,0.0,40.0
01057,Wardah Exclusive Matte Lip Cream 08 Pinkcredible 4 gr (Pc(S)),15.0,0.0,15.0
01062,Emina My Favourite Things Lip Color Balm 05 Dancing Queen Art Day 2.5 gr (Pc(s)),3.0,0.0,3.0
01063,Emina My Favourite Things Lip Color Balm 06 Socialite Queen Art Day 2.5 gr (Pc(s)),1.0,0.0,1.0
01065,Wardah Exclusive Matte Lip Cream 07 Hello Ruby 4 gr (Pc(s)),13.0,0.0,13.0
01075,Wardah Exclusive Matte Lip Cream 09 Mauve On 4 gr (Pc(S)),12.839,0.0,12.839
01076,Wardah Exclusive Matte Lip Cream 10 Berry Pretty 4 gr (Pc(s)),26.0,0.0,26.0
01077,Wardah Exclusive Matte Lip Cream 11 Oh So Nude 4 gr (Pc(s)),73.0,0.0,73.0
01078,Wardah Exclusive Matte Lip Cream 12 Plum It Up 4 gr (Pc(s)),14.0,0.0,14.0
01081,Emina Creamatte 02 Fuzzy Wuzzy 5.5 gr (Pc(s)),106.0,0.0,106.0
01082,Emina Creamatte 03 Mauvelous 5.5 gr (Pc(s)),120.0,0.0,120.0
01084,Wardah Cleanser For Normal To Dry Skin 150 ml,18.0,0.0,18.0
01085,Wardah Hydrating Face Toner For Normal To Dry Skin 150 ml,10.0,0.0,10.0
01090,Wardah Cleanser For Normal To Oily Skin 150 ml,6.0,0.0,6.0
01100,Emina Creamatte 01 Chocolava 5.5 gr (Pc(s)),4.0,0.0,4.0
01101,Emina Creamatte 04 Frostbite 5.5 gr (Pc(s)),4.0,0.0,4.0
01103,Emina Creamatte 06 Jelly Bean 5.5 gr (Pc(s)),110.0,0.0,110.0
01104,Emina Creamatte 07 Tumbleweed 5.5 gr (Pc(s)),1.0,0.0,1.0
01105,Wardah Lipstick Longlasting 01 Fabulous Peach 2.3 g (Pc(s)),97.0,0.0,97.0
01106,Wardah Lipstick Longlasting 02 Pink Sorbet 2.3 g (Pc(s)),132.0,0.0,132.0
01107,Wardah Lipstick Longlasting 03 Simply Brown 2.3 g (Pc(s)),75.0,0.0,75.0
01108,Wardah Lipstick Longlasting 04 Antique Pink 2.3 g (Pc(s)),133.0,0.0,133.0
01109,Wardah Lipstick Longlasting 05 Fuchsia Fever 2.3 g (Pc(s)),47.0,0.0,47.0
01110,Wardah Lipstick Longlasting 06 Delicate Pink 2.3 g (Pc(s)),115.0,0.0,115.0
01111,Wardah Lipstick Longlasting 07 Raspberry Hip 2.3 g (Pc(s)),88.0,0.0,88.0
01112,Wardah Lipstick Longlasting 08 Red Velvet 2.3 g (Pc(s)),68.0,0.0,68.0
01113,Wardah Lipstick Longlasting 09 Vibrant Red 2.3 g (Pc(s)),64.0,0.0,64.0
01114,Wardah Lipstick Longlasting 10 Stylish Mocca 2.3 g (Pc(s)),65.0,0.0,65.0
01115,Wardah Lipstick Longlasting 11 Cherrie Glam 2.3 g (Pc(s)),73.0,0.0,73.0
01116,Wardah Lipstick Longlasting 12 Lustrous Red 2.3 g (Pc(s)),79.0,0.0,79.0
01117,Wardah Lipstick Longlasting 13 Classic Brown 2.3 g (Pc(s)),64.0,0.0,64.0
01118,Wardah Lipstick Longlasting 14 Violet Pink 2.3 g (Pc(s)),96.0,0.0,96.0
01119,Wardah Intense Matte Lipstick 01 Socialite Peach 2.3 g (Pc(s)),26.0,0.0,26.0
01120,Wardah Intense Matte Lipstick 02 Blushing Nude 2.3 g (Pc(s)),39.0,0.0,39.0
01121,Wardah Intense Matte Lipstick 03 Peach Perfect 2.3 g (Pc(s)),33.0,0.0,33.0
01122,Wardah Intense Matte Lipstick 04 Mauve Mellow 2.3 g (Pc(s)),173.0,0.0,173.0
01123,Wardah Intense Matte Lipstick 05 Easy Brownie 2.3 g (Pc(s)),38.0,0.0,38.0
01124,Wardah Intense Matte Lipstick 06 Blooming Pink 2.3 g (Pc(s)),34.0,0.0,34.0
01125,Wardah Intense Matte Lipstick 07 Passionate Pink 2.3 g (Pc(s)),29.0,0.0,29.0
01126,Wardah Intense Matte Lipstick 08 Retro Red 2.3 g (Pc(s)),42.0,0.0,42.0
01127,Wardah Intense Matte Lipstick 09 Vibrant-Red 2.3 g (Pc(s)),67.0,0.0,67.0
01128,Wardah Intense Matte Lipstick 10 Miss Terracotta 2.3 g (Pc(s)),34.0,0.0,34.0
01129,Wardah Intense Matte Lipstick 11 Choco Town 2.3 g (Pc(s)),189.0,0.0,189.0
01130,Wardah Intense Matte Lipstick 12 Lady Burgundy 2.3 g (Pc(s)),216.0,0.0,216.0
01131,MAKE OVER Ultra Hi-Matte Lipstick 001 King of Pink 2.3 g (Pc(s)),43.0,0.0,43.0
01132,MAKE OVER Ultra Hi-Matte Lipstick 002 Pink Alcatraz 2.3 g (Pc(s)),22.0,0.0,22.0
01133,MAKE OVER Ultra Hi-Matte Lipstick 003 Sophist Red 2.3 g (Pc(s)),23.0,0.0,23.0
01134,MAKE OVER Ultra Hi-Matte Lipstick 004 Red Heatwave 2.3 g (Pc(s)),6.0,0.0,6.0
01135,MAKE OVER Ultra Hi-Matte Lipstick 005 Champagne Rose 2.3 g (Pc(s)),12.0,0.0,12.0
01136,MAKE OVER Ultra Hi-Matte Lipstick 006 Silky Blonde 2.3 g (Pc(s)),12.0,0.0,12.0
01137,MAKE OVER Ultra Hi-Matte Lipstick 007 Think Pink 2.3 g (Pc(s)),52.0,0.0,52.0
01138,MAKE OVER Ultra Hi-Matte Lipstick 008 Runway Rebel 2.3 g (Pc(s)),59.0,0.0,59.0
01139,MAKE OVER Ultra Hi-Matte Lipstick 009 Foxy 2.3 g (Pc(s)),20.0,0.0,20.0
01140,MAKE OVER Ultra Hi-Matte Lipstick 010 Smooch 2.3 g (Pc(s)),12.0,0.0,12.0
01141,MAKE OVER Ultra Hi-Matte Lipstick 011 Baby Bombshell 2.3 g (Pc(s)),14.0,0.0,14.0
01142,MAKE OVER Ultra Hi-Matte Lipstick 012 Envy 2.3 g (Pc(s)),61.0,0.0,61.0
01143,MAKE OVER Ultra Hi-Matte Lipstick 013 Orange Pop 2.3 g (Pc(s)),19.0,0.0,19.0
01144,MAKE OVER Ultra Hi-Matte Lipstick 014 Urban Rouge 2.3 g (Pc(s)),17.0,0.0,17.0
01145,MAKE OVER Ultra Hi-Matte Lipstick 015 Fame Fatale 2.3 g (Pc(s)),13.0,0.0,13.0
01146,MAKE OVER Ultra Hi-Matte Lipstick 016 Silhoutte 2.3 g (Pc(s)),14.0,0.0,14.0
01147,MAKE OVER Ultra Hi-Matte Lipstick 017 Outrageous 2.3 g (Pc(s)),29.0,0.0,29.0
01148,MAKE OVER Ultra Hi-Matte Lipstick 018 Divine 2.3 g (Pc(s)),13.0,0.0,13.0
01149,MAKE OVER Ultra Hi-Matte Lipstick 019 Audacious 2.3 g (Pc(s)),1.0,0.0,1.0
01150,Wardah C-Defense Energizing Creamy Wash 100 ml (Pc(s)),25.0,0.0,25.0
01165,Emina Pop Rouge Pressed Eye Shadow Posh 3.3 gr (Pc(s)),5.0,0.0,5.0
01166,Emina Pop Rouge Pressed Eye Shadow Brick 3.3 gr (Pc(s)),3.0,0.0,3.0
01167,Emina Pop Rouge Pressed Eye Shadow Frosted 3.3 gr (Pc(s)),24.0,0.0,24.0
01171,Emina Traceless Oil Cleanser 60 ml (Pc(s)),2.0,0.0,2.0
01191,MAKE OVER Ultra Hi-Matte Lipstick 020 Wicked 2.3 g (Pc(s)),5.0,0.0,5.0
01192,MAKE OVER Ultra Hi-Matte Lipstick 021 Oxford 2.3 g (Pc(s)),6.0,0.0,6.0
01193,MAKE OVER Ultra Hi-Matte Lipstick 022 Colossal 2.3 g (Pc(s)),10.0,0.0,10.0
01194,MAKE OVER Ultra Hi-Matte Lipstick 023 Fantasy 2.3 g (Pc(s)),3.0,0.0,3.0
01195,MAKE OVER Ultra Hi-Matte Lipstick 024 Petite 2.3 g (Pc(s)),18.0,0.0,18.0
01196,MAKE OVER Ultra Hi-Matte Lipstick 025 Smoked 2.3 g (Pc(s)),11.0,0.0,11.0
01197,MAKE OVER Ultra Hi-Matte Lipstick 026 Phantom 2.3 g (Pc(s)),6.0,0.0,6.0
01201,Wardah White Secret Pure Treatment Essence 100 ml (Pc(s)),3.0,0.0,3.0
01202,Wardah Renew You Treatment Essence 100 ml (Pc(s)),11.0,0.0,11.0
01212,Emina Soulmatte Lipstick 01 Enchantress 2.3 g (Pc(s)),1.0,0.0,1.0
01213,Emina Soulmatte Lipstick 02 Unicorn 2.3 g (Pc(s)),2.0,0.0,2.0
01215,Emina Soulmatte Lipstick 04 Love Spell 2.3 g (Pc(s)),1.0,0.0,1.0
01216,Emina Soulmatte Lipstick 05 Feathers 2.3 g (Pc(s)),2.0,0.0,2.0
01219,"MAKE OVER Liquid Eye Liner Black 1,7 ml (Pc(s))",6.0,0.0,6.0
01220,Wardah Exclusive Matte Lip Cream 13 Fruit Punch 4 gr (Pc(s)),8.0,0.0,8.0
01221,Wardah Exclusive Matte Lip Cream 14 My Honey Bee 4 gr (Pc(s)),10.0,0.0,10.0
01222,Wardah Exclusive Matte Lip Cream 15 Pinky Plumise 4 gr (Pc(s)),6.00800000000001,0.0,6.00800000000001
01223,Wardah Exclusive Matte Lip Cream 16 Heartbeet 4 gr (Pc(s)),67.0,0.0,67.0
01224,Wardah Exclusive Matte Lip Cream 17 Rosy Cheek 4 gr (Pc(s)),31.0,0.0,31.0
01225,Wardah Exclusive Matte Lip Cream 18 Saturdate Night 4 gr (Pc(s)),20.0,0.0,20.0
01226,Wardah C-Defense Energizing Creamy Wash 60 ml (Pc(s)),4328.0,0.0,4328.0
01244,Wardah Lightening BB Cake Powder 01 Light 11 gr (Pc(s)),17.0,0.0,17.0
01245,Wardah Lightening BB Cake Powder 02 Sheer Pink 11 gr (Pc(s)),21.0,0.0,21.0
01246,Wardah Lightening BB Cake Powder 03 Natural 11 gr (Pc(s)),21.0,0.0,21.0
01251,Emina Apricot Jam Face Scrub 60 ml (Pc(s)),3.0,0.0,3.0
01254,"MAKE OVER Intense Matte Lip Cream 015 Coquette 6,5 g (Pc(s))",7.0,0.0,7.0
01256,"MAKE OVER Intense Matte Lip Cream 017 Savvy 6,5 g (Pc(s))",3.0,0.0,3.0
01259,"MAKE OVER Intense Matte Lip Cream 020 Style 6,5 g (Pc(s))",6.0,0.0,6.0
01262,MAKE OVER Eye Shadow Palette Smokey 10 g (Pc(s)),9.0,0.0,9.0
01263,MAKE OVER Eye Shadow Palette Nudes 10 g (Pc(s)),6.0,0.0,6.0
01266,Emina Grape Seed Olive Face Mask 60 ml (Pc(s)),1.0,0.0,1.0
01268,"Wardah EyeXpert Matic Brow Pencil Brown 0,09 gr (Pc(s))",1397.0,0.0,1397.0
01269,"Wardah EyeXpert Matic Brow Pencil Deep Grey 0,09 gr (Pc(s))",675.0,0.0,675.0
01277,Emina Body Mist Indian Summer 80 ml (Pc(s)),2.0,0.0,2.0
01279,Emina Body Mist Ocean Mist 80 ml (Pc(s)),2.0,0.0,2.0
01284,"MAKE OVER Intense Matte Lip Cream 012 Couture 6,5 g (Pc(s))",2.0,0.0,2.0
01295,Malaysia Wardah Eye Brow Brown 1.14 g (Pc(s)),2400.0,0.0,2400.0
01361,Malaysia Wardah White Secret Night Cream 30 g,480.0,0.0,480.0
01372,Malaysia Wardah Exclusive Lipstick 41 Charming Red 3.8 g (Pc(s)),144.0,0.0,144.0
01421,"Wardah Lipstick Exclusive 51 Pink Blush 3,8 gr (Pc(s))",53.0,0.0,53.0
01423,"Wardah Lipstick Exclusive 52 Earthy Brown 3,8 gr (Pc(s))",68.0,0.0,68.0
01424,"MAKE OVER Intense Matte Lip Cream 010 Lux 6,5 g (Pc(s))",5.0,0.0,5.0
01426,"Wardah Lipstick Exclusive 53 Queen Red 3,8 gr (Pc(s))",17.0,0.0,17.0
01432,Wardah Lipstick Longlasting 15 Rouge Red 2.3 g (Pc(s)),52.0,0.0,52.0
01433,Wardah Lipstick Longlasting 16 Smooth Latte 2.3 g (Pc(s)),60.0,0.0,60.0
01436,Wardah Intense Matte Lipstick 13 Yummy Brownie 2.3 g (Pc(s)),46.0,0.0,46.0
01437,Wardah Intense Matte Lipstick 14 Active Cerise 2.3 g (Pc(s)),16.0,0.0,16.0
01438,Wardah Intense Matte Lipstick 15 Out of Red! 2.3 g (Pc(s)),14.0,0.0,14.0
01439,Wardah Intense Matte Lipstick 16 Pecan Pie 2.3 g (Pc(s)),32.0,0.0,32.0
01444,"MAKE OVER Intense Matte Lip Cream 009 Posh 6,5 g (Pc(s))",1.0,0.0,1.0
01447,MAKE OVER Summer Package Party Rush Out (Pc(s)),11.0,0.0,11.0
01449,MAKE OVER Summer Package Ain't Got No Time (Pc(s)),7.0,0.0,7.0
01457,Emina My Favourite Things Lip Color Balm 07 Ice Queen 2.5 gr (Pc(s)),102.0,0.0,102.0
01458,Emina My Favourite Things Lip Color Balm 08 Sporty Queen 2.5 gr (Pc(s)),14.0,0.0,14.0
01459,Emina My Favourite Things Lip Color Balm 09 Prom Queen 2.5 gr (Pc(s)),103.0,0.0,103.0
01460,Emina My Favourite Things Lip Color Balm 10 Royal Queen 2.5 gr (Pc(s)),95.0,0.0,95.0
01463,MAKE OVER Micellar Water 185 ml,1.0,0.0,1.0
01464,"MAKE OVER Lip Colour Palette 5x1,7 g (pc(s))",7.0,0.0,7.0
01466,MAKE OVER Highlight & Contour Stick Duo Light 1 2x3.5 g,1.0,0.0,1.0
01481,MAKE OVER The Boss Babe Palette ,1.0,0.0,1.0
01485,Wardah Anti Dandruff Shampoo 170 ml (Pc(s)),32.0,0.0,32.0
01486,Wardah Nutri Shine Shampoo 170 ml (Pc(s)),9.0,0.0,9.0
01487,Wardah Hairfall Treatment Shampoo 170 ml (Pc(s)),35.0,0.0,35.0
01488,Wardah Daily Fresh Shampoo 170 ml (Pc(s)),4.0,0.0,4.0
01492,"MAKE OVER Intense Matte Lip Cream 014 Coco 6,5 g (Pc(s))",9.0,0.0,9.0
01509,Wardah Renew You Anti Aging Eye Cream 10 ml ,14.0,0.0,14.0
01512,Wardah Nature Daily Seaweed Intensive Night Cream 30 g,11.0,0.0,11.0
01513,MAKE OVER Creamy Lust Lipstick 13 Nude Pannacotta 4 g (Pc(s)),1.0,0.0,1.0
01514,MAKE OVER Creamy Lust Lipstick 14 Pink Cocktail 4 g (Pc(s)),1.0,0.0,1.0
01515,MAKE OVER Creamy Lust Lipstick 15 Red Tango 4 g (Pc(s)),1.0,0.0,1.0
01517,"MAKE OVER Ultra Shine Lipstick 15 Velvet Truffle 3,8 g (Pc(s))",5.0,0.0,5.0
01518,Wardah Perfect Bright Creamy Foam Brightening + Smoothing 60 ml (Pc(s)),22.0,0.0,22.0
01519,Wardah Perfect Bright Creamy Foam Brightening + Smoothing 100 ml (Pc(s)),13.0,0.0,13.0
01520,Wardah Perfect Bright Creamy Foam Brightening + Oil Control 60 ml (Pc(s)),11.0,0.0,11.0
01521,Wardah Perfect Bright Creamy Foam Brightening + Oil Control 100 ml (Pc(s)),18.0,0.0,18.0
01524,Wardah Perfect Bright Peel Off Mask 60 ml,6.0,0.0,6.0
01528,Wardah Everyday Fruity Sheer Lip Balm Strawberry 4 g,31.0,0.0,31.0
01529,Wardah Everyday Fruity Sheer Lip Balm Grape 4 g,32.0,0.0,32.0
01530,Wardah Everyday Moisture Lip Nutrition Honey 4 g,3.0,0.0,3.0
01531,Wardah Everyday Moisture Lip Nutrition Green Tea 4 g,3.0,0.0,3.0
01532,"Wardah Everyday Cheek and Lip Tint 01 Red, Set, Glow! 5.5 g",11.0,0.0,11.0
01533,Wardah Everyday Cheek and Lip Tint 02 My Baerry! 5.5 g,5.0,0.0,5.0
01534,Wardah Everyday Cheek and Lip Tint 03 Pink on Point! 5.5 g,14.0,0.0,14.0
01538,Wardah Lightening Two Way Cake Extra Cover 01 Light Beige 10 g,22.0,0.0,22.0
01539,Wardah Lightening Two Way Cake Extra Cover 02 Golden Beige 10 g,7.0,0.0,7.0
01540,Wardah Lightening Two Way Cake Extra Cover 03 Sheer Pink 10 g,32.0,0.0,32.0
01541,Wardah Lightening Two Way Cake Extra Cover 04 Natural 10 g,14.0,0.0,14.0
01542,Wardah Lightening Two Way Cake Light Feel 01 Light Beige 12 g,58.0,0.0,58.0
01543,Wardah Lightening Two Way Cake Light Feel 02 Golden Beige 12 g,192.0,0.0,192.0
01544,Wardah Lightening Two Way Cake Light Feel 03 Sheer Pink 12 g,64.0,0.0,64.0
01545,Wardah Lightening Two Way Cake Light Feel 04 Natural 12 g,53.0,0.0,53.0
01546,Wardah Refill Lightening Two Way Cake Extra Cover 01 Light Beige 10 g,12.0,0.0,12.0
01547,Wardah Refill Lightening Two Way Cake Extra Cover 02 Golden Beige 10 g,5.0,0.0,5.0
01548,Wardah Refill Lightening Two Way Cake Extra Cover 03 Sheer Pink 10 g,41.0,0.0,41.0
01549,Wardah Refill Lightening Two Way Cake Extra Cover 04 Natural 10 g,18.0,0.0,18.0
01550,Wardah Refill Lightening Two Way Cake Light Feel 01 Light Beige 12 g,29.0,0.0,29.0
01551,Wardah Refill Lightening Two Way Cake Light Feel 02 Golden Beige 12 g,114.0,0.0,114.0
01552,Wardah Refill Lightening Two Way Cake Light Feel 03 Sheer Pink 12 g,161.208,0.0,161.208
01553,Wardah Refill Lightening Two Way Cake Light Feel 04 Natural 12 g,24.0,0.0,24.0
01554,Wardah Nature Daily Seaweed Cleansing Micellar Water 100 ml,377.0,0.0,377.0
01555,Wardah Nature Daily Seaweed Cleansing Micellar Water 240 ml,8.0,0.0,8.0
01556,MAKE OVER Color Stick Matte Crayon 101 Brooklyn 2.6 g,1.0,0.0,1.0
01558,MAKE OVER Color Stick Matte Crayon 103 Harper 2.6 g,1.0,0.0,1.0
01571,Wardah EyeXpert The Volume Expert Mascara 7 gr (Pc(s)),8.0,0.0,8.0
01572,Wardah Acnederm Pure Foaming Cleanser 60 ml (Pc(s)),15.0,0.0,15.0
01573,Wardah Acnederm Pore Refining Toner 100 ml (Pc(s)),3.0,0.0,3.0
01574,Wardah Acnederm Day Moisturizer 40 ml (Pc(s)),8.0,0.0,8.0
01575,Wardah Acnederm Acne Spot Treatment Gel 15 ml (Pc(s)),2.0,0.0,2.0
01576,Wardah Acnederm Pore Blackhead Balm 20 g (Pc(s)),5.0,0.0,5.0
01577,Wardah Acnederm Face Powder 20 g (Pc(s)),2.0,0.0,2.0
01578,Wardah Acnederm Night Treatment Moisturizer 40 ml (Pc(s)),12.0,0.0,12.0
01580,MAKE OVER Powerstay Weightless Liquid Foundation W22 Warm Ivory 33 ml,2.0,0.0,2.0
01583,MAKE OVER Powerstay Weightless Liquid Foundation N30 Natural Beige 33 ml,1.0,0.0,1.0
01586,MAKE OVER Powerstay Weightless Liquid Foundation C62 Rich Cocoa 33 ml,19.0,0.0,19.0
01587,MAKE OVER Powerstay Matte Powder Foundation N10 Marble 12 g,12.0,0.0,12.0
01588,MAKE OVER Powerstay Matte Powder Foundation W22 Warm Ivory 12 g,12.0,0.0,12.0
01589,MAKE OVER Powerstay Matte Powder Foundation C21 Pink Ivory 12 g,1.0,0.0,1.0
01590,MAKE OVER Powerstay Matte Powder Foundation W33 Honey Beige 12 g,14.0,0.0,14.0
01593,MAKE OVER Powerstay Matte Powder Foundation W41 Coral Sand 12 g,7.0,0.0,7.0
01594,MAKE OVER Powerstay Matte Powder Foundation C62 Rich Cocoa 12 g,3.0,0.0,3.0
01596,Emina Sugar Rush Lipstick 02 Butterball 3.8 gr (Pc(s)),1.0,0.0,1.0
01600,Emina Sugar Rush Lipstick 08 Plum Crumble 3.8 gr (Pc(s)),1.0,0.0,1.0
01601,Emina Sugar Rush Lipstick 09 Creamsicle 3.8 gr (Pc(s)),3.0,0.0,3.0
01603,Emina Sugar Rush Lipstick 11 Berry Shake 3.8 gr (Pc(s)),1.0,0.0,1.0
01606,Wardah Nature Daily Aloe Hydramild Moisturizer Cream 40 ml,3.13499999999999,0.0,3.13499999999999
01607,Wardah Nature Daily Witch Hazel Purifying Moisturizer Gel 40 ml ,10.0,0.0,10.0
01608,Wardah Nature Daily Seaweed Balancing Facial Wash 60 ml ,13.0,0.0,13.0
01609,Wardah Nature Daily Seaweed Balancing Facial Wash 100 ml ,3.0,0.0,3.0
01610,Wardah Nature Daily Seaweed Balancing Facial Scrub 60 ml ,11.0,0.0,11.0
01612,Wardah Nature Daily Seaweed Balancing Facial Mask 60 ml ,354.0,0.0,354.0
01613,Wardah Nature Daily Seaweed Balancing Cleanser 150 ml ,17.0,0.0,17.0
01614,Wardah Nature Daily Seaweed Balancing Toner 150 ml ,103.0,0.0,103.0
01615,Wardah Renew You Hydrafirm Sleeping Mask 30 g,35.0,0.0,35.0
01616,Wardah Nature Daily Witch Hazel Purifying Serum 5 x 5 ml ,4.0,0.0,4.0
01617,Wardah Nature Daily Aloe Hydramild Multifunction Gel 100 ml,14.0,0.0,14.0
01618,Wardah Nature Daily Aloe Hydramild Serum 5 x 5ml ,1.0,0.0,1.0
01619,Wardah Nature Daily Aloe Hydramild Facial Wash 60 ml ,12.0,0.0,12.0
01620,Wardah Nature Daily Aloe Hydramild Facial Wash 100 ml ,3.0,0.0,3.0
01630,Wardah White Secret HydraGlow Sleeping Mask 30 g,3.0,0.0,3.0
01631,Wardah Nature Daily Mineral+ Clarifying Facial Foam 100 ml ,4.0,0.0,4.0
01632,Wardah Lightening Day Cream 30 g (Pc(s)),41.0,0.0,41.0
01633,Wardah Lightening Night Cream 30 g (Pc(s)),31.0,0.0,31.0
01634,Wardah Lightening Day Cream 20 ml (Pc(s)),104.0,0.0,104.0
01635,Wardah Lightening Night Cream 20 ml (Pc(s)),56.0,0.0,56.0
01636,Wardah Lightening Facial Mask 60 ml (Pc(s)),180.0,0.0,180.0
01637,Wardah Perfect Bright Moisturizer Normal Skin 20 ml (Pc(s)),74.0,0.0,74.0
01638,Wardah Perfect Bright Moisturizer SPF 28 20 ml,92.0,0.0,92.0
01640,Emina Magic Potion 02 Sunglow 5.5 ml,1.0,0.0,1.0
01641,Emina Magic Potion 03 Smitten 5.5 ml,2.0,0.0,2.0
01642,Emina Cheek Lit Cream Blush Violet 10 ml ,1.0,0.0,1.0
01644,Emina Creamatte 08 Pumpkin Spice 5.5 gr ,2.0,0.0,2.0
01646,Emina Creamatte 10 Starfish 5.5 gr ,92.0,0.0,92.0
01647,Emina Creamatte 11 Amazeballs 5.5 gr,113.0,0.0,113.0
01652,MAKE OVER Silky Smooth Translucent Powder 07 Vanilla 35 g,1.0,0.0,1.0
01653,Wardah Refill Lightening BB Cake Powder 01 Light 11 gr,11.0,0.0,11.0
01654,Wardah Refill Lightening BB Cake Powder 02 Sheer Pink 11 gr,5.0,0.0,5.0
01655,Wardah Refill Lightening BB Cake Powder 03 Natural 11 gr,5.0,0.0,5.0
01658,MAKE OVER Melted Metallic Lip Cream 302 Fiery 7.5 ml,1.0,0.0,1.0
01661,Putri Setting Lotion Concentrate 450 ML,1.0,0.0,1.0
01665,Emina Soulmatte Lipstick 10 Bloody Mary 2.3 g ,1.0,0.0,1.0
01668,Wardah Lipstick Longlasting 17 Passionate Red 2.3 g,16.0,0.0,16.0
01669,Wardah Lipstick Longlasting 18 Sunset Orange 2.3 g,58.0,0.0,58.0
01670,Wardah Lipstick Longlasting 19 Sunrise Nude 2.3 g,62.0,0.0,62.0
01675,Putri Nature Natural Creambath Ginseng 240 ml (pc(s)),3.0,0.0,3.0
01676,Putri Nature Natural Creambath Candle Nut 240 ml (pc(s)),2.0,0.0,2.0
01678,Emina Creamatte 13 Beet Bites 5.5 gr,2.0,0.0,2.0
01679,Emina Creamatte 14 Gingerale 5.5 gr,1.0,0.0,1.0
01680,Emina Creamatte 15 Chocopuff 5.5 gr,2.0,0.0,2.0
01687,Wardah Instaperfect MATTE FIT Powder Foundation 11. Fair 13 g,2.0,0.0,2.0
01688,Wardah Instaperfect MATTE FIT Powder Foundation 12. Ivory 13 g,2.0,0.0,2.0
01689,Wardah Instaperfect MATTE FIT Powder Foundation 13. Beige 13 g,3.0,0.0,3.0
01690,Wardah Instaperfect MATTE FIT Powder Foundation 14. CRÉME13 g,3.0,0.0,3.0
01692,Wardah Instaperfect GLOSS CHIC Lip Crayon 01 Rhythm 2.7 g,2.0,0.0,2.0
01693,Wardah Instaperfect GLOSS CHIC Lip Crayon 02 Clue 2.7 g,3.0,0.0,3.0
01701,Wardah Instaperfect POREFECTION Skin Primer 20 ml,11.0,0.0,11.0
01705,Wardah Hair Fall Treatment Conditioner 170 ml (Pc(s)),6.0,0.0,6.0
01706,Wardah Nutri Shine Conditioner 170 ml (Pc(s)),1.0,0.0,1.0
01707,Wardah EyeXpert Eyebrow Kit 3 g (Pc(s)),8.0,0.0,8.0
01708,Wardah Renew You Anti Aging Facial Wash 100 ml (Pc(s)),11.0,0.0,11.0
01709,Wardah Lightening Milk Cleanser 150 ml,45.0,0.0,45.0
01710,Wardah Lightening Face Toner 150 ml,18.0,0.0,18.0
01711,Wardah Lightening Gentle Wash 60 ml,19.0,0.0,19.0
01712,Wardah Lightening Gentle Wash 100 ml,60.0,0.0,60.0
01713,Wardah Lightening Facial Scrub 60 ml,18.0,0.0,18.0
01714,Wardah Lightening Facial Serum 5x5 ml,12.0,0.0,12.0
01717,Wardah Everyday Shine Free BB Loose Powder 8 gr (Pc(s)),7.0,0.0,7.0
01729,Wardah Lip Package Box A,10.0,0.0,10.0
01730,Wardah Lip Package Box B,15.0,0.0,15.0
01731,Wardah Lip Package Box C,16.0,0.0,16.0
01732,Wardah Lip Package Box D,17.0,0.0,17.0
01733,Wardah White Secret Box Package,24.0,0.0,24.0
01748,Wardah Lightening Loose Powder 01 Light Beige 20 g,22.0,0.0,22.0
01749,Wardah Lightening Loose Powder 02 Beige 20 g,2.0,0.0,2.0
01750,Wardah Lightening Loose Powder 03 Ivory 20 g,1.0,0.0,1.0
01752,Wardah Instaperfect MATTESETTER Lip Matte Paint 01. GLEE 5.5 g,2.0,0.0,2.0
01753,Wardah Instaperfect MATTESETTER Lip Matte Paint 02. DEAR 5.5 g,4.0,0.0,4.0
01754,Wardah Instaperfect MATTESETTER Lip Matte Paint 03. CHIC 5.5 g,23.0,0.0,23.0
01755,Wardah Instaperfect MATTESETTER Lip Matte Paint 04. VIBE 5.5 g,1.0,0.0,1.0
01756,Wardah Instaperfect MATTESETTER Lip Matte Paint 05. HYPE 5.5 g,3.0,0.0,3.0
01757,Wardah Instaperfect MINERALIGHT MATTE BB Cushion 11. FAIR 15 g,1.0,0.0,1.0
01758,Wardah Instaperfect MINERALIGHT MATTE BB Cushion 12. IVORY 15 g,4.0,0.0,4.0
01759,Wardah Instaperfect MINERALIGHT MATTE BB Cushion 13. BEIGE 15 g,2.0,0.0,2.0
01760,Wardah Instaperfect MINERALIGHT MATTE BB Cushion 14. CRÉME 15 g,3.0,0.0,3.0
01761,Wardah Instaperfect CITY BLUSH Blusher Click 01. Bliss 5.6 g,12.0,0.0,12.0
01762,Wardah Instaperfect CITY BLUSH Blusher Click 02. Adore 5.6 g,7.0,0.0,7.0
01775,Wardah Scentsation Bliss Body Mist 100 ml (Pc(s)),3.0,0.0,3.0
01776,Wardah Scentsation Joyful Body Mist 100 ml (Pc(s)),3.0,0.0,3.0
01777,Wardah Scentsation Peaceful Body Mist 100 ml (Pc(s)),3.0,0.0,3.0
01778,Wardah Scentsation Passion Body Mist 100 ml (Pc(s)),5.0,0.0,5.0
01779,Wardah Scentsation Bliss Eau De Toilette 35 ml (Pc(s)),3.0,0.0,3.0
01780,Wardah Scentsation Joyful Eau De Toilette 35 ml (Pc(s)),5.0,0.0,5.0
01781,Wardah Scentsation Peaceful Eau De Toilette 35 ml (Pc(s)),1.0,0.0,1.0
01782,Wardah Scentsation Passion Eau De Toilette 35 ml (Pc(s)),13.0,0.0,13.0
01793,Emina Masquerade Face Mask Rice 23 g,7.51000000000001,0.0,7.51000000000001
01794,Emina Masquerade Face Mask Pomegranate 23 g,1.0,0.0,1.0
01796,Emina Masquerade Face Mask Aloe Vera 23 g,1.0,0.0,1.0
01797,Emina Masquerade Face Mask Tea Tree Oil 23 g,2.0,0.0,2.0
01798,Wardah Instaperfect QUICK FIX Cover Correct Concealer 01. LIGHT 1.8 g,1.0,0.0,1.0
01802,Wardah Instaperfect DYNAMATIC Microsmooth Liner 0.2 g,8.0,0.0,8.0
01803,Wardah Instaperfect HYPERGETIC Precise Black Liner 1 g,8.0,0.0,8.0
01830,Malaysia Wardah Refill Lightening Two Way Cake Light Feel 02 Golden Beige 12 g,88.0,0.0,88.0
01834,MAKE OVER Multifix Matte Blusher 01 Rose Hour 9 g,2.0,0.0,2.0
01835,MAKE OVER Multifix Matte Blusher 02 Quickpinker 9 g,2.0,0.0,2.0
01838,MAKE OVER Multifix Matte Blusher 05 Heatshot 9 g,1.0,0.0,1.0
01842,Wardah Instaperfect SPOTLIGHT Chromatic Eye Palette 10 g,6.0,0.0,6.0
01843,Emina Micellar Water Drop Cleanser – Bright Stuff 100 ml,2.0,0.0,2.0
01855,Wardah Instaperfect MATTETITUDE Matte Stain Lipstick 01. SWING 3.5 g,1.0,0.0,1.0
01856,Wardah Instaperfect MATTETITUDE Matte Stain Lipstick 02. NOBLE 3.5 g,4.0,0.0,4.0
01857,Wardah Instaperfect MATTETITUDE Matte Stain Lipstick 03. FEMME 3.5 g,6.0,0.0,6.0
01858,Wardah Instaperfect MATTETITUDE Matte Stain Lipstick 04. BUZZ 3.5 g,3.0,0.0,3.0
01859,Wardah Instaperfect MATTETITUDE Matte Stain Lipstick 05. FLUX 3.5 g,438.0,0.0,438.0
01880,Emina Bright Stuff Moisturizing Cream 20 ml,53.0,0.0,53.0
01881,Emina Bright Stuff Face Wash 50 ml,55.0,0.0,55.0
01883,Wardah Scentsation Purity Body Mist 100 ml (Pc(s)),4.0,0.0,4.0
01884,Wardah Scentsation Purity Eau De Toilette 35 ml (Pc(s)),2.0,0.0,2.0
01894,Wardah Perfect Bright Tone Up Cream 20 ml,50.0,0.0,50.0
01895,Emina Daily Matte Loose Powder 01 Light Beige 20 g,89.0,0.0,89.0
01896,Emina Daily Matte Loose Powder 02 Natural Beige 20 g,59.0,0.0,59.0
01897,Wardah Refill Instaperfect MINERALIGHT MATTE BB Cushion 11. FAIR 15 g,1.0,0.0,1.0
01899,Wardah Refill Instaperfect MINERALIGHT MATTE BB Cushion 13. BEIGE 15 g,2.0,0.0,2.0
01900,Wardah Refill Instaperfect MINERALIGHT MATTE BB Cushion 14. CRÉME 15 g,1.0,0.0,1.0
01904,MAKE OVER Powerskin Water Charge Moisturizer 42 ml,1.0,0.0,1.0
01912,Wardah Instaperfect BROWFESSIONAL 3D Brow Mascara 02. DEEP GREY 5.5 g,1.0,0.0,1.0
01955,MAKE OVER POWERSTAY Color Correcting Primer Lilac 25 ml,1.0,0.0,1.0
01957,MAKE OVER POWERSTAY Color Correcting Primer Yellow 25 ml,1.0,0.0,1.0
01967,Emina Bright Stuff Face Wash 100 ml,7000.0,0.0,7000.0
01975,Wardah Nature Daily Sheet Mask Rose 20 ml,2.0,0.0,2.0
01982,MAKE OVER Color Stick Gloss Crayon 105 Jolene 3 g,2.0,0.0,2.0
01987,Wardah Perfect Bright Powder Cream 20 ml,92.0,0.0,92.0
01991,Wardah Refill Instaperfect MATTE FIT Powder Foundation 14. CRÉME13 g,1.0,0.0,1.0
02025,Wardah Perfect Bright Tone Up Micellar Water 100 ml,5.0,0.0,5.0
02027,Wardah Exclusive Flawless Cover Cushion 01 Light Beige 15 g,2.0,0.0,2.0
02029,Wardah Exclusive Flawless Cover Cushion 03 Sandy Beige 15 g,1.0,0.0,1.0
02030,Wardah Exclusive Flawless Cover Cushion 04 Natural 15 g,2.0,0.0,2.0
02034,Wardah Exclusive Liquid Foundation 01 Light Beige 20 ml,1163.0,0.0,1163.0
02035,Wardah Exclusive Liquid Foundation 02 Sheer Pink 20 ml,276.0,0.0,276.0
02037,Wardah Exclusive Liquid Foundation 04 Natural 20 ml,508.0,0.0,508.0
02038,Wardah Exclusive Liquid Foundation 05 Coffee Beige 20 ml,504.0,0.0,504.0
02039,Wardah Exclusive Two Way Cake 01 Sheer Pink 12 g,40.0,0.0,40.0
02040,Wardah Exclusive Two Way Cake 02 Light Beige 12 g,1.0,0.0,1.0
02041,Wardah Exclusive Two Way Cake 03 Sandy Beige 12 g,285.0,0.0,285.0
02042,Wardah Exclusive Two Way Cake 04 Natural 12 g,262.0,0.0,262.0
02043,Wardah Exclusive Two Way Cake 05 Coffee Beige 12 g,28.0,0.0,28.0
02044,Wardah Refill Exclusive Two Way Cake 01 Sheer Pink 12 g,348.0,0.0,348.0
02045,Wardah Refill Exclusive Two Way Cake 02 Light Beige 12 g,3.0,0.0,3.0
02046,Wardah Refill Exclusive Two Way Cake 03 Sandy Beige 12 g,5.0,0.0,5.0
02048,Wardah Refill Exclusive Two Way Cake 05 Coffee Beige 12 g,90.0,0.0,90.0
02049,Wardah Exclusive Creamy Foundation 01 Light Beige 12 g,17.0,0.0,17.0
02050,Wardah Exclusive Creamy Foundation 02 Sheer Pink 12 g,180.0,0.0,180.0
02051,Wardah Exclusive Creamy Foundation 03 Sandy Beige 12 g,30.0,0.0,30.0
02052,Wardah Exclusive Creamy Foundation 04 Natural 12 g,60.0,0.0,60.0
02055,Wardah Exclusive Moist Lipstick 21 Orchid Pink 3.5 g,1.0,0.0,1.0
02064,Wardah Exclusive Moist Lipstick 43 Magnificent Red 3.5 g,1.0,0.0,1.0
02078,Wardah Exclusive Blush On 01 Rosy Pink 6.5 g ,1.0,0.0,1.0
02080,Wardah Exclusive Eyeshadow Palette 01 Sunset Brown 10 g,1.0,0.0,1.0
02081,Wardah Exclusive Eyeshadow Palette 02 Rose Glow 10 g,2.0,0.0,2.0
02083,Emina Bright Stuff Loose Powder 55 g,1.0,0.0,1.0
02090,Emina Body Mist Pixie Dust 10 ml,1.0,0.0,1.0
02112,Wardah Colorfit Velvet Matte Lip Mousse 01 Brown Dreamer 4 g,4.0,0.0,4.0
02118,Wardah Colorfit Velvet Matte Lip Mousse 07 Red Pioneer 4 g,3.0,0.0,3.0
02128,Wardah Lightening Two Way Cake Light Feel 02 Golden Beige 12 g,2.0,0.0,2.0
02129,Wardah Lightening Two Way Cake Light Feel 03 Sheer Pink 12 g,16.0,0.0,16.0
02130,Wardah Lightening Two Way Cake Light Feel 04 Natural 12 g,7.0,0.0,7.0
02131,Wardah Lightening Two Way Cake Extra Cover 01 Light Beige 10 g,8.0,0.0,8.0
HAIM-DIS-X,"Haimalate DIS ex. Kokyu Alcohol Kogyo Co., Ltd. Japan",2.397,0.0,2.397
OIL-OJJBIII-X,Porta Jojolite III Ex Portachem (Singapore) Pte Ltd,19.96747,0.0,19.96747
PARF-VMR-X,Parfum Lipstik C ex. PT Mane Indonesia,0.6,0.0,0.6
PEN-PRSVPE-X,"136703 Euxyl PE 9010 Ex Schulke & Mayr GmbH, 22840 Norderstedt Germany",0.015,0.0,0.015
SILI-BELEG5-X,Belsil EG5 ex Wacker Metroark Chemicals Pvt. Ltd,0.6,0.0,0.6
TITA--3328EW-K,"Titanium Dioxide USP BC 3328 ex. Brenntag Specialties, Inc. Canada",0.6,0.0,0.6
TITA-OTS2CR50-,"OTS-2 TiO2 CR 50 ex. Daito Kasei Kogyo Co., Ltd. Japan",1.725,0.0,1.725
VITA-DL E-MS,DL-Alpha Tocopheryl Acetate ex. DSM Nutritional Products Switzerland,0.003,0.0,0.003
