Code,Product,Quantity on Hand,Reserved,Available
00009,Wardah Roll On For Her 60 ml,660.0,180.0,480.0
00011,Wardah C-Defense DD Cream Light 20 ml (Pc(s)),828.0,0.0,828.0
00012,Wardah C-Defense DD Cream Natural 20 ml (Pc(s)),648.0,0.0,648.0
00013,Wardah C-defense Serum 17 ml (Pc(s)),150.0,30.0,120.0
00071,Wardah EyeXpert Aqua Lash Mascara 6 gr (Pc(s)),216.0,0.0,216.0
00072,Wardah EyeXpert Eye & Lip Makeup Remover 50 ml,168.0,0.0,168.0
00073,Wardah EyeXpert Eye & Lip Makeup Remover 100 ml,30.0,0.0,30.0
00076,Wardah EyeXpert Optimum Hi-Black Liner 1 gr (Pc(s)),216.0,0.0,216.0
00077,Wardah EyeXpert Perfectcurl Mascara 7 gr (Pc(s)),720.0,0.0,720.0
00079,"Wardah Eyexpert Staylast Liquid Eyeliner 3,5 gr (Pc(s))",852.0,0.0,852.0
00080,Wardah Lightening BB Cream Light 15 ml (pc(s)),7096.0,144.0,6952.0
00081,Wardah Lightening BB Cream Light 30 ml (Pc(s)),868.0,36.0,832.0
00082,Wardah Lightening BB Cream Natural 15 ml (pc(s)),624.0,48.0,576.0
00083,Wardah Lightening BB Cream Natural 30 ml (Pc(s)),93.0,36.0,57.0
00114,Wardah Refill Lightening Two Way Cake Light Feel 02 Golden Beige 12 gr,24.0,0.0,24.0
00115,Wardah Refill Lightening Two Way Cake Light Feel 03 Sheer Pink 12 gr,24.0,0.0,24.0
00117,Wardah Blush On A 4 gr,120.0,0.0,120.0
00118,Wardah Blush On B 4 gr,120.0,0.0,120.0
00120,Wardah Blush On D 4 gr,240.0,0.0,240.0
00124,Wardah Evd Lum Compact Powder 04 Natural 14 g (Pc(s)),44.0,0.0,44.0
00126,Wardah Everyday BB Cream Light 15 ml (pc(s)),144.0,96.0,48.0
00127,Wardah Everyday BB Cream Light 30 ml (Pc(s)),36.0,36.0,0.0
00128,Wardah Everyday BB Cream Natural 15 ml (Pc(s)),960.0,144.0,816.0
00131,"Wardah Evd Lum Creamy Foundation Extra Cover 02 Light Beige 8,5 g (Pc(s))",45.0,0.0,45.0
00132,"Wardah Evd Lum Creamy Foundation Extra Cover 03 Beige 8,5 g (Pc(s))",1.0,0.0,1.0
00135,Wardah Evd Lum Creamy Foundation Light Feel 02 Light Beige 11 g (Pc(s)),39.0,0.0,39.0
00137,Wardah Evd Lum Creamy Foundation Light Feel 04 Natural 11 g (Pc(s)),45.0,0.0,45.0
00144,Wardah Evd Lum Liquid Foundation 01 Natural White 40 ml (Pc(s)),48.0,0.0,48.0
00145,Wardah Evd Lum Liquid Foundation 04 Natural 40 ml (Pc(s)),1536.0,0.0,1536.0
00146,Wardah Evd Lum Two Way Cake 01 Light Beige 12 g (Pc(s)),255.0,0.0,255.0
00149,Wardah Evd Lum Two Way Cake 04 Light Ivory 12 g (Pc(s)),36.0,0.0,36.0
00164,"Wardah Hydrogloss 01 Invisible Pink 3,8 gr",48.0,0.0,48.0
00165,"Wardah Hydrogloss 02 Autumn Peach 3,8 gr",12.0,0.0,12.0
00166,"Wardah Hydrogloss 03 Sheer Brown 3,8 gr",24.0,0.0,24.0
00167,"Wardah Hydrogloss 04 Glazing Plum 3,8 gr",36.0,0.0,36.0
00170,"Wardah Lipbalm Strawberry 6,5 gr (Pc(s))",84.0,0.0,84.0
00172,Wardah Lip Palette Chocoaholic 10 g (Pc(s)),11.0,0.0,11.0
00174,Wardah Lip Palette Pinky Peach 10 g (pc(s)),78.0,0.0,78.0
00209,Wardah Refill Evd Lum Compact Powder 01 Light Beige 14 g (Pc(s)),54.0,0.0,54.0
00212,Wardah Refill Evd Lum Compact Powder 04 Natural 14 g (Pc(s)),54.0,0.0,54.0
00218,Wardah Refill Evd Lum Two Way Cake 02 Beige 12 g (Pc(s)),276.0,0.0,276.0
00219,Wardah Refill Evd Lum Two Way Cake 03 Ivory 12 g (Pc(s)),1181.0,0.0,1181.0
00220,Wardah Refill Evd Lum Two Way Cake 04 Light Ivory 12 g (Pc(s)),299.0,0.0,299.0
00245,Wardah Renew You Anti Aging Day Cream 30 gr (Pc(s)),118.0,0.0,118.0
00246,Wardah Renew You Anti Aging Intensive Serum 17 ml (Pc(s)),521.0,0.0,521.0
00247,Wardah Renew You Anti Aging Night Cream 17 ml (pc(s)),72.0,0.0,72.0
00266,Wardah Creamy Body Butter With Olive 50 ml (pc(s)),44.0,0.0,44.0
00268,Wardah Creamy Body Butter With Rose 50 ml (pc(s)),192.0,0.0,192.0
00269,Wardah Creamy Body Butter With Strawberry 50 ml (Pc(s)),64.0,0.0,64.0
00271,Wardah Creamy Body Butter With Milk & Pearl 100 ml (pc(s)),66.0,0.0,66.0
00274,Wardah Creamy Body Butter With Rose 100 ml (pc(s)),504.0,0.0,504.0
00275,Wardah Creamy Body Butter With Strawberry 100 ml (pc(s)),110.0,0.0,110.0
00276,Wardah Creamy Body Butter With Lavender & Ginger 150 ml (Pc(s)),12.0,0.0,12.0
00277,Wardah Creamy Body Butter With Milk & Pearl 150 ml (Pc(s)),612.0,0.0,612.0
00278,Wardah Creamy Body Butter With Olive 150 ml (Pc(s)),1464.0,0.0,1464.0
00279,Wardah Creamy Body Butter With Passion Fruit 150 ml (Pc(s)),12.0,0.0,12.0
00280,Wardah Creamy Body Butter With Rose 150 ml (Pc(s)),972.0,0.0,972.0
00281,Wardah Creamy Body Butter With Strawberry 150 ml (Pc(s)),48.0,0.0,48.0
00282,Wardah Olive Oil For Massage 150 ml,48.0,24.0,24.0
00283,Wardah Pure Olive Oil 50 ml,84.0,0.0,84.0
00284,Wardah Soft Body Scrub With Olive 150 ml (Pc(s)),24.0,0.0,24.0
00285,Wardah Soft Body Scrub With Olive 240 ml (Pc(s)),24.0,8.0,16.0
00286,Wardah Soft Body Scrub With Passion Fruit 150 ml (Pc(s)),36.0,12.0,24.0
00287,Wardah Soft Body Scrub With Strawberry 150 ml (Pc(s)),24.0,12.0,12.0
00288,Paket Haji Dan Umroh Wardah (Pc(s)),2.0,0.0,2.0
00289,Wardah White Secret Day Cream 17 ml (pc(s)),433.0,0.0,433.0
00294,Wardah White Secret Facial Wash with AHA 100 ml (pc(s)),56.0,0.0,56.0
00295,Wardah White Secret Intense Brightening Essence 17 ml (pc(s)),960.0,0.0,960.0
00296,Wardah White Secret Night Cream 17 ml (pc(s)),1.0,0.0,1.0
00297,Wardah White Secret Night Cream 30 gr (Pc(s)),241.0,0.0,241.0
00299,Wardah White Secret Exfoliating Scrub 50 ml (Pc(s)),68.0,0.0,68.0
00301,"Hair Tonic Ginseng, 200 ml",316.0,0.0,316.0
00303,"Hair Tonic Ginseng, 450 ml",48.0,0.0,48.0
00304,"Hair Tonic Ginseng, 2 L",3.0,0.0,3.0
00305,"Hair Tonic Normal Hair (Yellow), 200 ml",36.0,0.0,36.0
00308,"Hair Tonic Normal Hair (Yellow), 2 L",10.0,0.0,10.0
00309,"Hair Tonic Normal to Oily Hair (Green), 200 ml",336.0,0.0,336.0
00311,"Hair Tonic Normal to Oily Hair (Green), 450 ml",112.0,0.0,112.0
00312,"Hair Tonic Normal to Oily Hair (Green), 2 L",11.0,0.0,11.0
00318,Putri Natural Creambath Avocado 720 ML (Pc(s)),12.0,0.0,12.0
00321,Putri Natural Creambath Ginseng 240 ML (Pc(s)),24.0,0.0,24.0
00334,Putri Platinum Neutralizer Step 2 720 ML (Pc(s)),175.0,0.0,175.0
00336,Putri Platinum Pustreite Step 1 720 ML (Pc(s)),12.0,0.0,12.0
00347,Putri Pustreite Step 1 720 ML (Pc(s)),96.0,0.0,96.0
00349,Putri Pustreite Step 2 720 ML (Pc(s)),24.0,0.0,24.0
00351,Putri Pure Clean Hair Conditioner Apple 450 ML (Pc(s)),153.0,0.0,153.0
00352,Putri Pure Clean Hair Conditioner Apple 2 L (Pc(s)),18.0,0.0,18.0
00356,Putri Pure Clean Hair Conditioner Floral 450 ML (Pc(s)),336.0,0.0,336.0
00361,Putri Pure Clean Shampoo Apple 450 ML (Pc(s)),25.0,0.0,25.0
00366,Putri Pure Clean Shampoo Lemon 450 ML (Pc(s)),24.0,0.0,24.0
00367,Putri Pure Clean Shampoo Lemon 2 L (Pc(s)),13.0,0.0,13.0
00370,Putri Shampoo Ginseng 200 ML (Pc(s)),24.0,0.0,24.0
00379,"Hair Tonic SPA Relaxing Lavender, 200 ml",24.0,0.0,24.0
00381,Putri Massage Cream 1 KG (Pc(s)),3.0,0.0,3.0
00389,Putri SPA Energizing Shampoo (Lemon) 450 ML (Pc(s)),17.0,0.0,17.0
00392,Putri Hair Spray Non Aerosol Normal (Biru) 200 ML (Pc(s)),168.0,0.0,168.0
00395,Putri Hair Spray Non Aerosol Strong (Hijau) 200 ML (Pc(s)),24.0,0.0,24.0
00401,Putri Wet Look 100 ML (Pc(s)),368.0,0.0,368.0
00517,MAKE OVER Face Contour Kit 14 g (Pc(s)),390.0,0.0,390.0
00526,MAKE OVER Ultra Cover Liquid Matt Foundation 01 Ochre 33 ml (Pc(s)),940.0,20.0,920.0
00527,MAKE OVER Ultra Cover Liquid Matt Foundation 02 Pink Shade 33 ml (pc(s)),1.0,0.0,1.0
00530,MAKE OVER Ultra Cover Liquid Matt Foundation 05 Velvet Nude 33 ml (pc(s)),20.0,0.0,20.0
00532,MAKE OVER Ultra Cover Liquid Matt Foundation 07 Caramel 33 ml (pc(s)),20.0,0.0,20.0
00553,MAKE OVER Shimmering Powder Goldinx 24 gr (Pc(s)),48.0,0.0,48.0
00557,MAKE OVER Silky Smooth Translucent Powder 01 Porcelain 35 g (Pc(s)),11.0,0.0,11.0
00558,MAKE OVER Silky Smooth Translucent Powder 02 Rosy 35 g (Pc(s)),39.0,0.0,39.0
00559,MAKE OVER Silky Smooth Translucent Powder 03 Champagne 35 g (Pc(s),11.0,0.0,11.0
00561,MAKE OVER Silky Smooth Translucent Powder 05 Snow 35 g (Pc(s)),17.0,0.0,17.0
00588,MAKE OVER Powder Eye Shadow Holy Ice 2 g (Pc(s)),6.0,0.0,6.0
00623,MAKE OVER Trivia Eye Shadow Black Goddiva 6 g (Pc(s)),2.0,0.0,2.0
00624,MAKE OVER Trivia Eye Shadow Emperor Brown 6 g (Pc(s)),4.0,0.0,4.0
00625,MAKE OVER Trivia Eye Shadow Golden Espress 6 g (Pc(s)),10.0,0.0,10.0
00626,MAKE OVER Trivia Eye Shadow Indian Summer 6 g (Pc(s)),72.0,0.0,72.0
00627,MAKE OVER Trivia Eye Shadow Natural Nude 6 g (Pc(s)),27.0,0.0,27.0
00635,MAKE OVER Trivia Eye Shadow Dolly Crush 6 g (Pc(s)),1.0,0.0,1.0
00637,"MAKE OVER Eyebrow Pencil Black Lines 1,14 g (Pc(s))",5.0,0.0,5.0
00638,"MAKE OVER Eyebrow Pencil Brown To Earth 1,14 g (Pc(s))",653.0,0.0,653.0
00640,"MAKE OVER Eye Liner Pencil Black Jack 1,2 g (Pc(s))",926.0,0.0,926.0
00641,"MAKE OVER Eye Liner Pencil Brown Latte 1,2 g (Pc(s))",238.0,0.0,238.0
00643,"MAKE OVER Eye Liner Pencil White Techno 1,2 g (Pc(s))",54.0,0.0,54.0
00649,"MAKE OVER Eye Liner Pencil Silver Lines 1,2 g (Pc(s))",59.0,0.0,59.0
00656,MAKE OVER BO Single 01 Pink Fantasist 6 g (Pc(s)),22.0,0.0,22.0
00661,MAKE OVER BO Single 06 Caribbean Sunset 6 g (Pc(s)),65.0,0.0,65.0
00662,MAKE OVER BO Single 07 Scarlet Sheen 6 g (Pc(s)),8.0,0.0,8.0
00663,MAKE OVER BO Single 08 Cruise Coral 6 g (Pc(s)),19.0,0.0,19.0
00664,MAKE OVER BO Single 09 Summer Twist 6 g (Pc(s)),36.0,0.0,36.0
00670,"MAKE OVER BO 06 Caribbean Sunset Refill Pack 3,5 g (Pc(s))",15.0,0.0,15.0
00673,MAKE OVER BO 09 Summer Twist Refill Pack 3.5 g (Pc(s)),48.0,0.0,48.0
00709,MAKE OVER Liquid Lip Color Hazelnut 5 ml (Pc(s)),9.0,0.0,9.0
00748,"MAKE OVER Lipbalm Lip Nutrition Melon Crazy 3,8 g (Pc(s))",15.0,0.0,15.0
00764,MAKE OVER Small Sharpener (Pc(s)),407.0,0.0,407.0
00773,Emina Beauty Bliss BB Cream Light 20 ml (Pc(s)),180.0,0.0,180.0
00774,Emina Beauty Bliss BB Cream Natural 20 ml (Pc(s)),790.0,0.0,790.0
00775,Emina Cheek Lit Cream Blush Pink 10 ml (Pc(s)),80.0,0.0,80.0
00776,Emina Cheek Lit Cream Blush Peach 10 ml (Pc(s)),1190.0,0.0,1190.0
00777,Emina Cheek Lit Pressed Blush Bittersweet 3.5 gr (Pc(s)),120.0,0.0,120.0
00779,Emina Cheek Lit Pressed Blush Cotton Candy 3.5 gr (Pc(s)),358.0,0.0,358.0
00780,Emina Cheek Lit Pressed Blush Marshmallow Lady 3.5 gr (Pc(s)),120.0,0.0,120.0
00781,Emina Cheek Lit Pressed Blush Sugarcane 3.5 gr (Pc(s)),13.0,0.0,13.0
00782,Emina Cheek Lit Pressed Blush Violet Berry 3.5 gr (Pc(s)),113.0,0.0,113.0
00793,Emina Liquid Lip Shine Cerise Red 4.5 ml (Pc(s)),24.0,0.0,24.0
00795,Emina Liquid Lip Shine Carnation Pink 4.5 ml (Pc(s)),314.0,0.0,314.0
00796,Emina Liquid Lip Shine Buttery Nude 4.5 ml (Pc(s)),180.0,0.0,180.0
00810,Emina Pop Rouge Pressed Eye Shadow Blue 3.3 gr (Pc(s)),24.0,0.0,24.0
00814,Emina Pop Rouge Pressed Eye Shadow Nude 3.3 gr (Pc(s)),132.0,0.0,132.0
00815,Emina Eye Do! Pencil Eye Liner Black 1 gr (Pc(s)),8.0,0.0,8.0
00816,Emina Eye Do! Pencil Eye Liner Brown 1 gr (Pc(s)),444.0,0.0,444.0
00820,Emina Agent of Brow Black 1.2 gr (Pc(s)),144.0,0.0,144.0
00821,Emina Agent of Brow Brown 1.2 gr (Pc(s)),324.0,0.0,324.0
00822,Emina Star Lash Aqua Mascara 5 gr (Pc(s)),268.0,0.0,268.0
00824,Emina Double Agent Eyebrow Black 0.3 gr (Pc(s)),210.0,0.0,210.0
00825,Emina Double Agent Eyebrow Brown 0.3 gr (Pc(s)),105.0,0.0,105.0
00827,Emina Eye Do! Crayon Pour Les Yeux Black 0.2 gr (Pc(s)),15.0,0.0,15.0
00886,MAKE OVER Perfect Cover TWC 01 Lace 12 g (Pc(s)),384.0,0.0,384.0
00889,MAKE OVER Perfect Cover TWC 04 Desert 12 g (Pc(s)),24.0,0.0,24.0
00892,MAKE OVER Perfect Cover TWC 06 Cappuccino 12 g (Pc(s)),33.0,0.0,33.0
00895,MAKE OVER Perfect Cover Refill TWC 03 Maple 12 g (Pc(s)),101.0,0.0,101.0
00896,MAKE OVER Perfect Cover Refill TWC 04 Desert 12 g (Pc(s)),70.0,0.0,70.0
00897,MAKE OVER Perfect Cover Refill TWC 05 Cinnamon 12 g (Pc(s)),48.0,0.0,48.0
00900,MAKE OVER Perfect Cover TWC 08 Honey 12 g (Pc(s)),120.0,0.0,120.0
00902,Wardah Eye Brow Black,130.0,0.0,130.0
00903,Wardah Eye Brow Brown,1188.0,0.0,1188.0
00927,"Wardah Eye Shadow I 3,3 gr (pc(s))",120.0,0.0,120.0
00931,"Wardah Eye Shadow M 3,3 gr (pc(s))",119.0,0.0,119.0
00933,"Wardah Eye Shadow A 3,3 gr (pc(s))",720.0,120.0,600.0
00936,"Wardah Eye Shadow D 3,3 gr (pc(s))",120.0,0.0,120.0
00937,"Wardah Eye Shadow E 3,3 gr (pc(s))",120.0,0.0,120.0
00938,"Wardah Eye Shadow F 3,3 gr (pc(s))",120.0,0.0,120.0
00939,"Wardah Eye Shadow G 3,3 gr (pc(s))",624.0,0.0,624.0
00941,"Wardah EyeXpert Eyeshadow Passionate 3,3 gr",1640.0,120.0,1520.0
00942,Wardah Exclusive Matte Lip Cream 01 Red-dicted 4 gr (Pc(s)),60.0,0.0,60.0
00943,Wardah Exclusive Matte Lip Cream 02 Fuschionately 4 gr (Pc(s)),876.0,0.0,876.0
00946,Wardah Exclusive Matte Lip Cream 05 Speachless 4 gr (Pc(s)),72.0,0.0,72.0
00948,Wardah Eye Liner Black,1052.0,120.0,932.0
00963,Emina The Bright Stuff Face Toner 50 ml (Pc(s)),168.0,0.0,168.0
00976,"MAKE OVER Professional Highlight & Contour Palette 8 x 3,5 g (Pc(s))",24.0,24.0,0.0
00980,"MAKE OVER Intense Matte Lip Cream 002 Heiress 6,5 g (Pc(s))",1.0,0.0,1.0
00981,"MAKE OVER Intense Matte Lip Cream 003 Secret 6,5 g (Pc(s))",4.0,0.0,4.0
00982,"MAKE OVER Intense Matte Lip Cream 004 Vanity 6,5 g (Pc(s))",65.0,0.0,65.0
00983,"MAKE OVER Intense Matte Lip Cream 005 Impulse 6,5 g (Pc(s))",13.0,0.0,13.0
00987,MAKE OVER BO Single 10 Passion Pink 6 g (Pc(s)),36.0,0.0,36.0
01015,Emina City Chic CC Cream Natural 20 ml (Pc(s)),84.0,0.0,84.0
01016,Emina Dirt-less In Sight Make UP Remover 50 ml (Pc(s)),56.0,0.0,56.0
01018,Emina Top Secret Eyebrow 2.9 gr (Pc(s)),105.0,0.0,105.0
01021,Emina Moist In a Bottle 50 ml (Pc(s)),56.0,0.0,56.0
01041,Wardah C-Defense Face Mist 55 ml (Pc(s)),722.0,0.0,722.0
01042,Emina Smoochies Lip Balm Cucumber Juice 3.7 gr (pc(s)),158.0,0.0,158.0
01045,Emina Green Tea Latte Face Mask 60 ml (Pc(s)),14.0,0.0,14.0
01057,Wardah Exclusive Matte Lip Cream 08 Pinkcredible 4 gr (Pc(S)),1728.0,0.0,1728.0
01065,Wardah Exclusive Matte Lip Cream 07 Hello Ruby 4 gr (Pc(s)),300.0,0.0,300.0
01076,Wardah Exclusive Matte Lip Cream 10 Berry Pretty 4 gr (Pc(s)),6.0,0.0,6.0
01077,Wardah Exclusive Matte Lip Cream 11 Oh So Nude 4 gr (Pc(s)),24.0,0.0,24.0
01081,Emina Creamatte 02 Fuzzy Wuzzy 5.5 gr (Pc(s)),1.0,0.0,1.0
01082,Emina Creamatte 03 Mauvelous 5.5 gr (Pc(s)),1.0,0.0,1.0
01100,Emina Creamatte 01 Chocolava 5.5 gr (Pc(s)),132.0,0.0,132.0
01102,Emina Creamatte 05 Flamingo 5.5 gr (Pc(s)),144.0,0.0,144.0
01104,Emina Creamatte 07 Tumbleweed 5.5 gr (Pc(s)),12.0,0.0,12.0
01106,Wardah Lipstick Longlasting 02 Pink Sorbet 2.3 g (Pc(s)),13.0,0.0,13.0
01110,Wardah Lipstick Longlasting 06 Delicate Pink 2.3 g (Pc(s)),12.0,0.0,12.0
01112,Wardah Lipstick Longlasting 08 Red Velvet 2.3 g (Pc(s)),220.0,0.0,220.0
01113,Wardah Lipstick Longlasting 09 Vibrant Red 2.3 g (Pc(s)),120.0,0.0,120.0
01114,Wardah Lipstick Longlasting 10 Stylish Mocca 2.3 g (Pc(s)),36.0,0.0,36.0
01115,Wardah Lipstick Longlasting 11 Cherrie Glam 2.3 g (Pc(s)),11.0,0.0,11.0
01116,Wardah Lipstick Longlasting 12 Lustrous Red 2.3 g (Pc(s)),1.0,0.0,1.0
01120,Wardah Intense Matte Lipstick 02 Blushing Nude 2.3 g (Pc(s)),24.0,0.0,24.0
01122,Wardah Intense Matte Lipstick 04 Mauve Mellow 2.3 g (Pc(s)),168.0,0.0,168.0
01123,Wardah Intense Matte Lipstick 05 Easy Brownie 2.3 g (Pc(s)),12.0,0.0,12.0
01124,Wardah Intense Matte Lipstick 06 Blooming Pink 2.3 g (Pc(s)),24.0,0.0,24.0
01127,Wardah Intense Matte Lipstick 09 Vibrant-Red 2.3 g (Pc(s)),132.0,0.0,132.0
01128,Wardah Intense Matte Lipstick 10 Miss Terracotta 2.3 g (Pc(s)),216.0,0.0,216.0
01130,Wardah Intense Matte Lipstick 12 Lady Burgundy 2.3 g (Pc(s)),24.0,0.0,24.0
01140,MAKE OVER Ultra Hi-Matte Lipstick 010 Smooch 2.3 g (Pc(s)),48.0,0.0,48.0
01147,MAKE OVER Ultra Hi-Matte Lipstick 017 Outrageous 2.3 g (Pc(s)),57.0,0.0,57.0
01150,Wardah C-Defense Energizing Creamy Wash 100 ml (Pc(s)),601.0,150.0,451.0
01165,Emina Pop Rouge Pressed Eye Shadow Posh 3.3 gr (Pc(s)),126.0,0.0,126.0
01166,Emina Pop Rouge Pressed Eye Shadow Brick 3.3 gr (Pc(s)),47.0,0.0,47.0
01202,Wardah Renew You Treatment Essence 100 ml (Pc(s)),60.0,0.0,60.0
01204,MAKE OVER Velvet Mattifying Primer 20 ml,7.0,0.0,7.0
01211,Emina Brush Set (Set),446.0,0.0,446.0
01213,Emina Soulmatte Lipstick 02 Unicorn 2.3 g (Pc(s)),6.0,0.0,6.0
01219,"MAKE OVER Liquid Eye Liner Black 1,7 ml (Pc(s))",625.0,0.0,625.0
01220,Wardah Exclusive Matte Lip Cream 13 Fruit Punch 4 gr (Pc(s)),289.0,0.0,289.0
01221,Wardah Exclusive Matte Lip Cream 14 My Honey Bee 4 gr (Pc(s)),300.0,0.0,300.0
01223,Wardah Exclusive Matte Lip Cream 16 Heartbeet 4 gr (Pc(s)),576.0,0.0,576.0
01226,Wardah C-Defense Energizing Creamy Wash 60 ml (Pc(s)),432.0,0.0,432.0
01244,Wardah Lightening BB Cake Powder 01 Light 11 gr (Pc(s)),36.0,0.0,36.0
01246,Wardah Lightening BB Cake Powder 03 Natural 11 gr (Pc(s)),4.0,0.0,4.0
01254,"MAKE OVER Intense Matte Lip Cream 015 Coquette 6,5 g (Pc(s))",123.0,0.0,123.0
01255,"MAKE OVER Intense Matte Lip Cream 016 Pixie 6,5 g (Pc(s))",27.0,0.0,27.0
01258,"MAKE OVER Intense Matte Lip Cream 019 Vogue 6,5 g (Pc(s))",12.0,0.0,12.0
01262,MAKE OVER Eye Shadow Palette Smokey 10 g (Pc(s)),40.0,0.0,40.0
01276,Emina Dot Burst Face Wash 60 ml (Pc(s)),216.0,0.0,216.0
01284,"MAKE OVER Intense Matte Lip Cream 012 Couture 6,5 g (Pc(s))",17.0,0.0,17.0
01424,"MAKE OVER Intense Matte Lip Cream 010 Lux 6,5 g (Pc(s))",12.0,0.0,12.0
01437,Wardah Intense Matte Lipstick 14 Active Cerise 2.3 g (Pc(s)),228.0,0.0,228.0
01444,"MAKE OVER Intense Matte Lip Cream 009 Posh 6,5 g (Pc(s))",61.0,0.0,61.0
01445,"MAKE OVER Intense Matte Lip Cream 011 Pompous 6,5 g (Pc(s))",96.0,0.0,96.0
01463,MAKE OVER Micellar Water 185 ml,6.0,0.0,6.0
01480,Emina Micellar Water Drop Cleanser 100 ml,28.0,0.0,28.0
01485,Wardah Anti Dandruff Shampoo 170 ml (Pc(s)),24.0,0.0,24.0
01486,Wardah Nutri Shine Shampoo 170 ml (Pc(s)),120.0,0.0,120.0
01487,Wardah Hairfall Treatment Shampoo 170 ml (Pc(s)),456.0,0.0,456.0
01488,Wardah Daily Fresh Shampoo 170 ml (Pc(s)),240.0,0.0,240.0
01491,"MAKE OVER Intense Matte Lip Cream 013 Dainty 6,5 g (Pc(s))",12.0,0.0,12.0
01492,"MAKE OVER Intense Matte Lip Cream 014 Coco 6,5 g (Pc(s))",12.0,12.0,0.0
01507,MAKE OVER Brow Styler Eye Definer Mocha 0.13 g,12.0,0.0,12.0
01518,Wardah Perfect Bright Creamy Foam Brightening + Smoothing 60 ml (Pc(s)),408.0,0.0,408.0
01519,Wardah Perfect Bright Creamy Foam Brightening + Smoothing 100 ml (Pc(s)),3750.0,0.0,3750.0
01520,Wardah Perfect Bright Creamy Foam Brightening + Oil Control 60 ml (Pc(s)),3996.0,0.0,3996.0
01525,Wardah Nature Daily Mineral+ Clarifying Clay Mask 60 ml,144.0,36.0,108.0
01528,Wardah Everyday Fruity Sheer Lip Balm Strawberry 4 g,1008.0,0.0,1008.0
01529,Wardah Everyday Fruity Sheer Lip Balm Grape 4 g,65.0,0.0,65.0
01530,Wardah Everyday Moisture Lip Nutrition Honey 4 g,612.0,0.0,612.0
01531,Wardah Everyday Moisture Lip Nutrition Green Tea 4 g,195.0,0.0,195.0
01534,Wardah Everyday Cheek and Lip Tint 03 Pink on Point! 5.5 g,179.0,0.0,179.0
01547,Wardah Refill Lightening Two Way Cake Extra Cover 02 Golden Beige 10 g,12.0,0.0,12.0
01554,Wardah Nature Daily Seaweed Cleansing Micellar Water 100 ml,224.0,84.0,140.0
01555,Wardah Nature Daily Seaweed Cleansing Micellar Water 240 ml,1276.0,18.0,1258.0
01556,MAKE OVER Color Stick Matte Crayon 101 Brooklyn 2.6 g,72.0,0.0,72.0
01557,MAKE OVER Color Stick Matte Crayon 102 Iris 2.6 g,220.0,0.0,220.0
01559,MAKE OVER Color Stick Matte Crayon 104 Blake 2.6 g,9.0,0.0,9.0
01571,Wardah EyeXpert The Volume Expert Mascara 7 gr (Pc(s)),310.0,0.0,310.0
01572,Wardah Acnederm Pure Foaming Cleanser 60 ml (Pc(s)),2844.0,108.0,2736.0
01573,Wardah Acnederm Pore Refining Toner 100 ml (Pc(s)),117.0,80.0,37.0
01574,Wardah Acnederm Day Moisturizer 40 ml (Pc(s)),480.0,60.0,420.0
01575,Wardah Acnederm Acne Spot Treatment Gel 15 ml (Pc(s)),126.0,0.0,126.0
01576,Wardah Acnederm Pore Blackhead Balm 20 g (Pc(s)),241.0,0.0,241.0
01577,Wardah Acnederm Face Powder 20 g (Pc(s)),96.0,0.0,96.0
01578,Wardah Acnederm Night Treatment Moisturizer 40 ml (Pc(s)),1080.0,30.0,1050.0
01579,MAKE OVER Powerstay Weightless Liquid Foundation N10 Marble 33 ml,25.0,0.0,25.0
01581,MAKE OVER Powerstay Weightless Liquid Foundation C21 Pink Ivory 33 ml,50.0,0.0,50.0
01582,MAKE OVER Powerstay Weightless Liquid Foundation W33 Honey Beige 33 ml,1600.0,0.0,1600.0
01583,MAKE OVER Powerstay Weightless Liquid Foundation N30 Natural Beige 33 ml,293.0,0.0,293.0
01584,MAKE OVER Powerstay Weightless Liquid Foundation W42 Warm Sand 33 ml,4.0,0.0,4.0
01585,MAKE OVER Powerstay Weightless Liquid Foundation W41 Coral Sand 33 ml,5.0,0.0,5.0
01586,MAKE OVER Powerstay Weightless Liquid Foundation C62 Rich Cocoa 33 ml,7.0,0.0,7.0
01587,MAKE OVER Powerstay Matte Powder Foundation N10 Marble 12 g,11.0,0.0,11.0
01588,MAKE OVER Powerstay Matte Powder Foundation W22 Warm Ivory 12 g,8.0,0.0,8.0
01589,MAKE OVER Powerstay Matte Powder Foundation C21 Pink Ivory 12 g,14.0,0.0,14.0
01590,MAKE OVER Powerstay Matte Powder Foundation W33 Honey Beige 12 g,94.0,0.0,94.0
01592,MAKE OVER Powerstay Matte Powder Foundation W42 Warm Sand 12 g,121.0,0.0,121.0
01593,MAKE OVER Powerstay Matte Powder Foundation W41 Coral Sand 12 g,34.0,0.0,34.0
01597,Emina Sugar Rush Lipstick 05 Pie Crust 3.8 gr (Pc(s)),5.0,0.0,5.0
01606,Wardah Nature Daily Aloe Hydramild Moisturizer Cream 40 ml,270.0,60.0,210.0
01607,Wardah Nature Daily Witch Hazel Purifying Moisturizer Gel 40 ml ,300.0,0.0,300.0
01608,Wardah Nature Daily Seaweed Balancing Facial Wash 60 ml ,216.0,0.0,216.0
01610,Wardah Nature Daily Seaweed Balancing Facial Scrub 60 ml ,72.0,36.0,36.0
01612,Wardah Nature Daily Seaweed Balancing Facial Mask 60 ml ,36.0,0.0,36.0
01613,Wardah Nature Daily Seaweed Balancing Cleanser 150 ml ,144.0,0.0,144.0
01614,Wardah Nature Daily Seaweed Balancing Toner 150 ml ,24.0,0.0,24.0
01617,Wardah Nature Daily Aloe Hydramild Multifunction Gel 100 ml,120.0,60.0,60.0
01619,Wardah Nature Daily Aloe Hydramild Facial Wash 60 ml ,1152.0,0.0,1152.0
01620,Wardah Nature Daily Aloe Hydramild Facial Wash 100 ml ,1110.0,30.0,1080.0
01621,Wardah Nature Daily Mineral+ Clarifying Facial Foam 60 ml ,36.0,36.0,0.0
01623,MAKE OVER Cliquematte Lip Stylo 202 Hollywood 2 g,39.0,0.0,39.0
01624,MAKE OVER Cliquematte Lip Stylo 203 Crush 2 g,36.0,0.0,36.0
01626,MAKE OVER Cliquematte Lip Stylo 205 Jetsetter 2 g,85.0,0.0,85.0
01627,MAKE OVER Cliquematte Lip Stylo 206 Grandiose 2 g,612.0,0.0,612.0
01628,MAKE OVER Cliquematte Lip Stylo 207 Lady Boss 2 g,12.0,0.0,12.0
01629,MAKE OVER Cliquematte Lip Stylo 208 Spotlight 2 g,2.0,0.0,2.0
01631,Wardah Nature Daily Mineral+ Clarifying Facial Foam 100 ml ,250.0,0.0,250.0
01635,Wardah Lightening Night Cream 20 ml (Pc(s)),29.0,0.0,29.0
01637,Wardah Perfect Bright Moisturizer Normal Skin 20 ml (Pc(s)),468.0,0.0,468.0
01638,Wardah Perfect Bright Moisturizer SPF 28 20 ml,108.0,0.0,108.0
01639,Emina Magic Potion 01 Scarlet 5.5 ml,88.0,0.0,88.0
01641,Emina Magic Potion 03 Smitten 5.5 ml,132.0,0.0,132.0
01642,Emina Cheek Lit Cream Blush Violet 10 ml ,14.0,0.0,14.0
01643,Emina Cheek Lit Cream Blush Nudie Brown 10 ml ,560.0,0.0,560.0
01644,Emina Creamatte 08 Pumpkin Spice 5.5 gr ,396.0,0.0,396.0
01645,Emina Creamatte 09 Baby Fox 5.5 gr ,180.0,0.0,180.0
01646,Emina Creamatte 10 Starfish 5.5 gr ,144.0,0.0,144.0
01647,Emina Creamatte 11 Amazeballs 5.5 gr,444.0,0.0,444.0
01648,Emina Aqua Infused Sleeping Mask 30 g,44.0,0.0,44.0
01650,Emina Avocado Honey Face Mask 60 ml ,36.0,0.0,36.0
01651,MAKE OVER Silky Smooth Translucent Powder 06 Buttermilk 35 g,26.0,0.0,26.0
01653,Wardah Refill Lightening BB Cake Powder 01 Light 11 gr,1406.0,0.0,1406.0
01673,MAKE OVER Powerstay Precision Liquid Liner Jet Black 2.7 g,132.0,0.0,132.0
01679,Emina Creamatte 14 Gingerale 5.5 gr,1.0,0.0,1.0
01687,Wardah Instaperfect MATTE FIT Powder Foundation 11. Fair 13 g,1.0,0.0,1.0
01688,Wardah Instaperfect MATTE FIT Powder Foundation 12. Ivory 13 g,1418.0,0.0,1418.0
01689,Wardah Instaperfect MATTE FIT Powder Foundation 13. Beige 13 g,39.0,0.0,39.0
01690,Wardah Instaperfect MATTE FIT Powder Foundation 14. CRÉME13 g,144.0,0.0,144.0
01692,Wardah Instaperfect GLOSS CHIC Lip Crayon 01 Rhythm 2.7 g,24.0,0.0,24.0
01693,Wardah Instaperfect GLOSS CHIC Lip Crayon 02 Clue 2.7 g,204.0,0.0,204.0
01694,Wardah Instaperfect GLOSS CHIC Lip Crayon 03 Mind 2.7 g,48.0,0.0,48.0
01695,Wardah Instaperfect MATTECENTRIC Lip Crayon 01 Pace 3 g,24.0,0.0,24.0
01696,Wardah Instaperfect MATTECENTRIC Lip Crayon 02 Morale 3 g,12.0,0.0,12.0
01697,Wardah Instaperfect MATTECENTRIC Lip Crayon 03 Honor 3 g,214.0,0.0,214.0
01698,Wardah Instaperfect MATTECENTRIC Lip Crayon 04 Joy 3 g,456.0,0.0,456.0
01699,Wardah Instaperfect MATTECENTRIC Lip Crayon 05 Sense 3 g,576.0,0.0,576.0
01700,Wardah Instaperfect MATTECENTRIC Lip Crayon 06 Soul 3 g,650.0,0.0,650.0
01701,Wardah Instaperfect POREFECTION Skin Primer 20 ml,66.0,0.0,66.0
01705,Wardah Hair Fall Treatment Conditioner 170 ml (Pc(s)),414.0,90.0,324.0
01706,Wardah Nutri Shine Conditioner 170 ml (Pc(s)),72.0,36.0,36.0
01707,Wardah EyeXpert Eyebrow Kit 3 g (Pc(s)),900.0,0.0,900.0
01711,Wardah Lightening Gentle Wash 60 ml,44.0,0.0,44.0
01717,Wardah Everyday Shine Free BB Loose Powder 8 gr (Pc(s)),72.0,0.0,72.0
01735,Emina Pore Ranger 20 ml (Pc(s)),96.0,36.0,60.0
01752,Wardah Instaperfect MATTESETTER Lip Matte Paint 01. GLEE 5.5 g,83.0,0.0,83.0
01753,Wardah Instaperfect MATTESETTER Lip Matte Paint 02. DEAR 5.5 g,108.0,0.0,108.0
01755,Wardah Instaperfect MATTESETTER Lip Matte Paint 04. VIBE 5.5 g,36.0,0.0,36.0
01757,Wardah Instaperfect MINERALIGHT MATTE BB Cushion 11. FAIR 15 g,336.0,0.0,336.0
01758,Wardah Instaperfect MINERALIGHT MATTE BB Cushion 12. IVORY 15 g,696.0,0.0,696.0
01759,Wardah Instaperfect MINERALIGHT MATTE BB Cushion 13. BEIGE 15 g,236.0,0.0,236.0
01760,Wardah Instaperfect MINERALIGHT MATTE BB Cushion 14. CRÉME 15 g,435.0,0.0,435.0
01761,Wardah Instaperfect CITY BLUSH Blusher Click 01. Bliss 5.6 g,2088.0,0.0,2088.0
01762,Wardah Instaperfect CITY BLUSH Blusher Click 02. Adore 5.6 g,1080.0,0.0,1080.0
01763,MAKE OVER Riche Glow Face Highlighter 13 g,240.0,48.0,192.0
01774,MAKE OVER Lip Amplify Contour Liner 05 Pin Up 0.2 g,165.0,0.0,165.0
01775,Wardah Scentsation Bliss Body Mist 100 ml (Pc(s)),150.0,0.0,150.0
01776,Wardah Scentsation Joyful Body Mist 100 ml (Pc(s)),100.0,25.0,75.0
01777,Wardah Scentsation Peaceful Body Mist 100 ml (Pc(s)),25.0,0.0,25.0
01778,Wardah Scentsation Passion Body Mist 100 ml (Pc(s)),150.0,0.0,150.0
01779,Wardah Scentsation Bliss Eau De Toilette 35 ml (Pc(s)),36.0,0.0,36.0
01781,Wardah Scentsation Peaceful Eau De Toilette 35 ml (Pc(s)),36.0,0.0,36.0
01793,Emina Masquerade Face Mask Rice 23 g,8362.0,0.0,8362.0
01794,Emina Masquerade Face Mask Pomegranate 23 g,2412.0,0.0,2412.0
01795,Emina Masquerade Face Mask Sunflower Seed Oil 23 g,144.0,0.0,144.0
01796,Emina Masquerade Face Mask Aloe Vera 23 g,2208.0,0.0,2208.0
01797,Emina Masquerade Face Mask Tea Tree Oil 23 g,4437.0,48.0,4389.0
01801,Wardah Instaperfect GENIUSTWIST Matic Contour Brow-Brushed 02. DEEP GREY 0.25 g,120.0,0.0,120.0
01802,Wardah Instaperfect DYNAMATIC Microsmooth Liner 0.2 g,648.0,0.0,648.0
01803,Wardah Instaperfect HYPERGETIC Precise Black Liner 1 g,157.0,0.0,157.0
01804,Emina Lip Tint Eraser 10 ml,24.0,0.0,24.0
01834,MAKE OVER Multifix Matte Blusher 01 Rose Hour 9 g,336.0,0.0,336.0
01835,MAKE OVER Multifix Matte Blusher 02 Quickpinker 9 g,90.0,0.0,90.0
01836,MAKE OVER Multifix Matte Blusher 03 Blush Rush 9 g,96.0,0.0,96.0
01837,MAKE OVER Multifix Matte Blusher 04 Peach Flash 9 g,27.0,0.0,27.0
01838,MAKE OVER Multifix Matte Blusher 05 Heatshot 9 g,1137.0,0.0,1137.0
01839,Emina Bare With Me Mineral Cushion 01 Light 15 g,14.0,0.0,14.0
01840,Emina Bare With Me Mineral Cushion 02 Natural 15 g,9.0,0.0,9.0
01841,Emina Bare With Me Mineral Cushion 03 Caramel 15 g,19.0,0.0,19.0
01843,Emina Micellar Water Drop Cleanser – Bright Stuff 100 ml,252.0,0.0,252.0
01855,Wardah Instaperfect MATTETITUDE Matte Stain Lipstick 01. SWING 3.5 g,156.0,0.0,156.0
01856,Wardah Instaperfect MATTETITUDE Matte Stain Lipstick 02. NOBLE 3.5 g,77.0,0.0,77.0
01859,Wardah Instaperfect MATTETITUDE Matte Stain Lipstick 05. FLUX 3.5 g,78.0,0.0,78.0
01880,Emina Bright Stuff Moisturizing Cream 20 ml,72.0,0.0,72.0
01881,Emina Bright Stuff Face Wash 50 ml,1600.0,950.0,650.0
01883,Wardah Scentsation Purity Body Mist 100 ml (Pc(s)),125.0,50.0,75.0
01884,Wardah Scentsation Purity Eau De Toilette 35 ml (Pc(s)),36.0,36.0,0.0
01887,Emina Ms. Pimple Acne Solution Spot Gel 15 ml,42.0,42.0,0.0
01888,Emina Bare With Me Mineral Loose Powder 01 Fair 8 g,124.0,0.0,124.0
01889,Emina Bare With Me Mineral Loose Powder 02 Light Beige 8 g,72.0,0.0,72.0
01890,Emina Bare With Me Mineral Loose Powder 03 Amber 8 g,6.0,0.0,6.0
01894,Wardah Perfect Bright Tone Up Cream 20 ml,551.0,0.0,551.0
01895,Emina Daily Matte Loose Powder 01 Light Beige 20 g,32.0,0.0,32.0
01896,Emina Daily Matte Loose Powder 02 Natural Beige 20 g,190.0,64.0,126.0
01897,Wardah Refill Instaperfect MINERALIGHT MATTE BB Cushion 11. FAIR 15 g,947.0,0.0,947.0
01898,Wardah Refill Instaperfect MINERALIGHT MATTE BB Cushion 12. IVORY 15 g,366.0,0.0,366.0
01899,Wardah Refill Instaperfect MINERALIGHT MATTE BB Cushion 13. BEIGE 15 g,1642.0,0.0,1642.0
01900,Wardah Refill Instaperfect MINERALIGHT MATTE BB Cushion 14. CRÉME 15 g,2790.0,0.0,2790.0
01904,MAKE OVER Powerskin Water Charge Moisturizer 42 ml,25.0,0.0,25.0
01910,Emina Ms. Pimple Acne Solution Face Toner 50 ml,863.0,0.0,863.0
01911,Wardah Instaperfect BROWFESSIONAL 3D Brow Mascara 01. BROWN 5.5 g,253.0,0.0,253.0
01912,Wardah Instaperfect BROWFESSIONAL 3D Brow Mascara 02. DEEP GREY 5.5 g,155.0,0.0,155.0
01916,Emina Lip Cushion 01. Let It Peach 9 g,24.0,0.0,24.0
01917,Emina Lip Cushion 02. Be Cherry 9 g,876.0,0.0,876.0
01918,MAKE OVER Shimmering Powder Bronzed 13 gr,6.0,0.0,6.0
01919,MAKE OVER Shimmering Powder Chrystalist 13 gr,15.0,0.0,15.0
01920,MAKE OVER Shimmering Powder Goldinx 13 gr,18.0,0.0,18.0
01924,Emina Bare With Me Mineral Cushion 04 Mocca 15 g,144.0,0.0,144.0
01926,Emina Creamatte Metallic Edition 02 Sunset Sparks 5.5 g,3.0,0.0,3.0
01954,MAKE OVER POWERSTAY Color Correcting Primer Green 25 ml,120.0,60.0,60.0
01955,MAKE OVER POWERSTAY Color Correcting Primer Lilac 25 ml,36.0,0.0,36.0
01956,MAKE OVER POWERSTAY Color Correcting Primer Peach 25 ml,132.0,0.0,132.0
01957,MAKE OVER POWERSTAY Color Correcting Primer Yellow 25 ml,58.0,0.0,58.0
01958,MAKE OVER POWERSTAY Under Eye Perfecting Concealer 20 Light 1.8 ml,2.0,0.0,2.0
01959,MAKE OVER POWERSTAY Under Eye Perfecting Concealer 30 Light-Medium 1.8 ml,117.0,0.0,117.0
01960,MAKE OVER POWERSTAY Under Eye Perfecting Concealer 40 Medium 1.8 ml,24.0,0.0,24.0
01967,Emina Bright Stuff Face Wash 100 ml,440.0,440.0,0.0
01970,MAKE OVER Powerskin Radiant Tinted Moisturizer 40 Medium Beige 40 ml,15.0,0.0,15.0
01971,Wardah Nature Daily Sheet Mask Aloe Vera 20 ml,4680.0,0.0,4680.0
01972,Wardah Nature Daily Sheet Mask Green Tea 20 ml,1024.0,0.0,1024.0
01973,Wardah Nature Daily Sheet Mask Vitamin C 20 ml,120.0,0.0,120.0
01975,Wardah Nature Daily Sheet Mask Rose 20 ml,230.0,0.0,230.0
01977,MAKE OVER Powerskin Liquid Glow Moisturizer 45 ml,25.0,0.0,25.0
01979,MAKE OVER Color Stick Gloss Crayon 102 Abigail 3 g,24.0,0.0,24.0
01980,MAKE OVER Color Stick Gloss Crayon 103 Emma 3 g,8.0,0.0,8.0
01981,MAKE OVER Color Stick Gloss Crayon 104 Chloe 3 g,48.0,0.0,48.0
01983,MAKE OVER Cliquematte Lip Stylo 209 Royale 2 g,275.0,0.0,275.0
01985,MAKE OVER Cliquematte Lip Stylo 211 Truffles 2 g,120.0,0.0,120.0
01986,MAKE OVER Cliquematte Lip Stylo 212 Checkmate 2 g,144.0,0.0,144.0
01988,Wardah Refill Instaperfect MATTE FIT Powder Foundation 11. FAIR 13 g,211.0,0.0,211.0
01989,Wardah Refill Instaperfect MATTE FIT Powder Foundation 12. IVORY 13 g,56.0,0.0,56.0
01990,Wardah Refill Instaperfect MATTE FIT Powder Foundation 13. BEIGE 13 g,72.0,0.0,72.0
01991,Wardah Refill Instaperfect MATTE FIT Powder Foundation 14. CRÉME13 g,779.0,0.0,779.0
01992,Emina Bright Stuff Tone Up Cream 20 ml,176.0,144.0,32.0
01993,Emina Bright Stuff Essence Sheet Mask 23 g,49.0,48.0,1.0
01994,MAKE OVER Powerstay Total Cover Liquid Concealer 01 Light 6.5 ml,24.0,0.0,24.0
01995,MAKE OVER Powerstay Total Cover Liquid Concealer 02 Light to Medium 6.5 ml,132.0,72.0,60.0
01997,Wardah Instaperfect MATTESETTER Lip Matte Paint 06. FLAIR 5.5 g,120.0,0.0,120.0
01998,Wardah Instaperfect MATTESETTER Lip Matte Paint 07. DAZZLE 5.5 g,139.0,0.0,139.0
01999,Wardah Instaperfect MATTESETTER Lip Matte Paint 08. EDGE 5.5 g,11.0,0.0,11.0
02000,Wardah Instaperfect MATTESETTER Lip Matte Paint 09. ICON 5.5 g,72.0,0.0,72.0
02003,MAKE OVER Powerstay Demi-Matte Cover Cushion N10 Marble 15 g,171.0,0.0,171.0
02004,MAKE OVER Powerstay Demi-Matte Cover Cushion W22 Warm Ivory 15 g,605.0,0.0,605.0
02005,MAKE OVER Powerstay Demi-Matte Cover Cushion N30 Natural Beige 15 g,35.0,0.0,35.0
02006,MAKE OVER Powerstay Demi-Matte Cover Cushion W42 Warm Sand 15 g,27.0,0.0,27.0
02007,MAKE OVER Powerstay Demi-Matte Cover Cushion N50 Tan 15 g,17.0,0.0,17.0
02020,MAKE OVER Powerstay Brow Definer Mascara 01 Long Black 6.5 g,60.0,0.0,60.0
02023,MAKE OVER Powerstay Uptown Bae Eye Palette 12 x 0.4 g,968.0,0.0,968.0
02024,MAKE OVER Powerstay Royal Rose Eye Palette 12 x 0.4 g,2.0,2.0,0.0
02025,Wardah Perfect Bright Tone Up Micellar Water 100 ml,112.0,0.0,112.0
02026,Emina Lip Mask 9 g,192.0,0.0,192.0
02027,Wardah Exclusive Flawless Cover Cushion 01 Light Beige 15 g,100.0,0.0,100.0
02028,Wardah Exclusive Flawless Cover Cushion 02 Honey Beige 15 g,3120.0,0.0,3120.0
02029,Wardah Exclusive Flawless Cover Cushion 03 Sandy Beige 15 g,610.0,0.0,610.0
02031,Emina Oh So Kissable Tinted Balm Stick Pink Bonbons 3.4 g,258.0,64.0,194.0
02032,Emina Oh So Kissable Tinted Balm Stick Plum Candy 3.4 g,236.0,64.0,172.0
02033,Emina Aloe Vera Gel 60 ml,796.0,0.0,796.0
02034,Wardah Exclusive Liquid Foundation 01 Light Beige 20 ml,756.0,0.0,756.0
02035,Wardah Exclusive Liquid Foundation 02 Sheer Pink 20 ml,1.0,0.0,1.0
02036,Wardah Exclusive Liquid Foundation 03 Sandy Beige 20 ml,224.0,0.0,224.0
02037,Wardah Exclusive Liquid Foundation 04 Natural 20 ml,4.0,0.0,4.0
02038,Wardah Exclusive Liquid Foundation 05 Coffee Beige 20 ml,28.0,0.0,28.0
02039,Wardah Exclusive Two Way Cake 01 Sheer Pink 12 g,75.0,0.0,75.0
02040,Wardah Exclusive Two Way Cake 02 Light Beige 12 g,144.0,0.0,144.0
02041,Wardah Exclusive Two Way Cake 03 Sandy Beige 12 g,1851.0,0.0,1851.0
02042,Wardah Exclusive Two Way Cake 04 Natural 12 g,1789.0,0.0,1789.0
02044,Wardah Refill Exclusive Two Way Cake 01 Sheer Pink 12 g,225.0,0.0,225.0
02045,Wardah Refill Exclusive Two Way Cake 02 Light Beige 12 g,2757.0,0.0,2757.0
02046,Wardah Refill Exclusive Two Way Cake 03 Sandy Beige 12 g,2475.0,0.0,2475.0
02047,Wardah Refill Exclusive Two Way Cake 04 Natural 12 g,674.0,0.0,674.0
02048,Wardah Refill Exclusive Two Way Cake 05 Coffee Beige 12 g,90.0,0.0,90.0
02049,Wardah Exclusive Creamy Foundation 01 Light Beige 12 g,30.0,0.0,30.0
02050,Wardah Exclusive Creamy Foundation 02 Sheer Pink 12 g,110.0,0.0,110.0
02051,Wardah Exclusive Creamy Foundation 03 Sandy Beige 12 g,21.0,0.0,21.0
02052,Wardah Exclusive Creamy Foundation 04 Natural 12 g,57.0,0.0,57.0
02055,Wardah Exclusive Moist Lipstick 21 Orchid Pink 3.5 g,24.0,12.0,12.0
02056,Wardah Exclusive Moist Lipstick 23 Ruby Red 3.5 g,300.0,0.0,300.0
02057,Wardah Exclusive Moist Lipstick 26 Mango 3.5 g,788.0,0.0,788.0
02058,Wardah Exclusive Moist Lipstick 29 Lavender 3.5 g,55.0,0.0,55.0
02059,Wardah Exclusive Moist Lipstick 30 Golden Coral 3.5 g,252.0,0.0,252.0
02060,Wardah Exclusive Moist Lipstick 32 Sheer Brown 3.5 g,149.0,0.0,149.0
02061,Wardah Exclusive Moist Lipstick 35 Great Berry 3.5 g,12.0,0.0,12.0
02063,Wardah Exclusive Moist Lipstick 41 Charming Red 3.5 g,301.0,0.0,301.0
02064,Wardah Exclusive Moist Lipstick 43 Magnificent Red 3.5 g,336.0,144.0,192.0
02065,Wardah Exclusive Moist Lipstick 46 Chic Magenta 3.5 g,12.0,0.0,12.0
02066,Wardah Exclusive Matte Lipstick 01 Pink 3.5 g,276.0,0.0,276.0
02067,Wardah Exclusive Matte Lipstick 02 Magenta 3.5 g,204.0,0.0,204.0
02068,Wardah Exclusive Matte Lipstick 03 Red 3.5 g,588.0,0.0,588.0
02069,Wardah Exclusive Matte Lipstick 04 Orange 3.5 g,444.0,0.0,444.0
02070,Wardah Exclusive Matte Lipstick 05 Peach 3.5 g,96.0,0.0,96.0
02072,Wardah Exclusive Matte Lipstick 09 True Red 3.5 g ,754.0,0.0,754.0
02074,Wardah Exclusive Matte Lipstick 13 Cocoa Look 3.5 g,24.0,0.0,24.0
02075,Wardah Exclusive Matte Lipstick 16 Summer Pink 3.5 g,276.0,0.0,276.0
02076,Wardah Exclusive Matte Lipstick 17 Gorgeous Pink 3.5 g,14.0,0.0,14.0
02077,Wardah Exclusive Matte Lipstick 18 Rosy Pink 3.5 g,133.0,0.0,133.0
02078,Wardah Exclusive Blush On 01 Rosy Pink 6.5 g ,60.0,0.0,60.0
02079,Wardah Exclusive Blush On 02 Coral Peach 6.5 g,947.0,0.0,947.0
02080,Wardah Exclusive Eyeshadow Palette 01 Sunset Brown 10 g,162.0,0.0,162.0
02081,Wardah Exclusive Eyeshadow Palette 02 Rose Glow 10 g,324.0,0.0,324.0
02082,MAKE OVER Powerstay Eyeshadow Primer 7 g,48.0,0.0,48.0
02083,Emina Bright Stuff Loose Powder 55 g,3553.0,1548.0,2005.0
02084,MAKE OVER Two Way Cake Sponge,1.0,0.0,1.0
02089,MAKE OVER Pencil Brush 17 cm,19.0,0.0,19.0
02091,Emina Body Mist Rain Forest 10 ml,24.0,0.0,24.0
02096,Wardah Refill Lightening Two Way Cake Light Feel 01 Light Beige 12 g,144.0,0.0,144.0
02104,MAKE OVER Powerstay Vivid Waterlite Lip Stain A01 Bumble 5.5 g,12.0,12.0,0.0
02106,MAKE OVER Powerstay Vivid Waterlite Lip Stain A03 Kiss Bang 5.5 g,3.0,0.0,3.0
02112,Wardah Colorfit Velvet Matte Lip Mousse 01 Brown Dreamer 4 g,604.0,0.0,604.0
02113,Wardah Colorfit Velvet Matte Lip Mousse 02 Joyful Orange 4 g,480.0,0.0,480.0
02114,Wardah Colorfit Velvet Matte Lip Mousse 03 Rose Ballerina 4 g,416.0,16.0,400.0
02115,Wardah Colorfit Velvet Matte Lip Mousse 04 Pink Sweetheart 4 g,48.0,0.0,48.0
02116,Wardah Colorfit Velvet Matte Lip Mousse 05 Artisan Mauve 4 g,273.0,192.0,81.0
02117,Wardah Colorfit Velvet Matte Lip Mousse 06 Fuchsia Lover 4 g,303.0,0.0,303.0
02118,Wardah Colorfit Velvet Matte Lip Mousse 07 Red Pioneer 4 g,12.0,0.0,12.0
02119,Wardah Colorfit Velvet Matte Lip Mousse 08 Brown Creator 4 g,5.0,0.0,5.0
02120,Wardah Renew You Treatment Essence 50 ml,50.0,0.0,50.0
02136,Emina Creamytint 02 Peach Crush 3.6 g,288.0,0.0,288.0
02137,Emina Creamytint 03 Sunbeam 3.6 g,5.0,0.0,5.0
02138,Emina Creamytint 04 Wild Berry 3.6 g,552.0,0.0,552.0
02139,Emina Creamytint 05 Cherry Soda 3.6 g,384.0,0.0,384.0
02140,MAKE OVER Powerstay Fix & Matte Makeup Setting Spray 50 ml,18.0,18.0,0.0
02141,Wardah EyeXpert Eyebrow Pencil Brown 1.14 g (Blister),581.0,0.0,581.0
02146,MAKE OVER Refill Powerstay Demi-Matte Cover Cushion W22 Warm Ivory 15 g,109.0,0.0,109.0
02147,MAKE OVER Refill Powerstay Demi-Matte Cover Cushion N30 Natural Beige 15 g,38.0,0.0,38.0
02148,MAKE OVER Refill Powerstay Demi-Matte Cover Cushion W42 Warm Sand 15 g,455.0,0.0,455.0
02149,MAKE OVER Refill Powerstay Demi-Matte Cover Cushion N50 Tan 15 g,174.0,0.0,174.0
02150,MAKE OVER Refill Powerstay Demi-Matte Cover Cushion C51 Cool Tan 15 g,570.0,0.0,570.0
02157,Wardah Exclusive Matte Lip Cream Blister 05 Speachless 4 g,1329.0,0.0,1329.0
02158,Wardah Exclusive Matte Lip Cream Blister 08 Pinkcredible 4 g,72.0,0.0,72.0
02159,Wardah Exclusive Matte Lip Cream Blister 09 Mauve On! 4 g,86.0,0.0,86.0
02160,Wardah EyeXpert Eyebrow Pencil Black 1.14 g (Blister),1374.0,0.0,1374.0
02161,Wardah Colorfit Ultralight Matte Lipstick 01 Parfait Pink 3.6 g,409.0,0.0,409.0
02162,Wardah Colorfit Ultralight Matte Lipstick 02 Summer Peach 3.6 g,3732.0,0.0,3732.0
02163,Wardah Colorfit Ultralight Matte Lipstick 03 Caramel Nude 3.6 g,3.0,0.0,3.0
02164,Wardah Colorfit Ultralight Matte Lipstick 04 Mocca Brown 3.6 g,29.0,0.0,29.0
02165,Wardah Colorfit Ultralight Matte Lipstick 05 Blossom Pink 3.6 g,3500.0,0.0,3500.0
02166,Wardah Colorfit Ultralight Matte Lipstick 06 Punch Fuchsia 3.6 g,864.0,0.0,864.0
02167,Wardah Colorfit Ultralight Matte Lipstick 07 Crimson Red 3.6 g,480.0,0.0,480.0
02168,Wardah Colorfit Ultralight Matte Lipstick 08 Woodsy Brown 3.6 g,1224.0,0.0,1224.0
02170,Crystallure Supreme Activating Overnight Cream 50 g,42.0,0.0,42.0
02171,Wardah Crystallure Supreme Advanced Eye Serum 15 ml,102.0,0.0,102.0
02172,Crystallure Supreme Activating Booster Essence 30 ml,21.0,0.0,21.0
02174,Crystallure Supreme Revitalizing Oil Serum 30 ml,11.0,0.0,11.0
02175,Wardah Crystallure Supreme Advanced Hydra Gel 50 g,24.0,0.0,24.0
02176,Wardah Refill Exclusive Flawless Cover Cushion 01 Light Beige 15 g,48.0,0.0,48.0
02178,Wardah Refill Exclusive Flawless Cover Cushion 03 Sandy Beige 15 g,48.0,0.0,48.0
02180,MAKE OVER Powerstay Transferproof Matte Lip Cream B02 Lucky 7 g,12.0,0.0,12.0
02182,MAKE OVER Powerstay Transferproof Matte Lip Cream B05 Fired Up 7 g,48.0,0.0,48.0
02183,MAKE OVER Powerstay Transferproof Matte Lip Cream B01 No. 1 7 g,407.0,0.0,407.0
02184,MAKE OVER Powerstay Transferproof Matte Lip Cream B03 Hype 7 g,12.0,0.0,12.0
02186,MAKE OVER Powerstay Transferproof Matte Lip Cream B07 Amplify 7 g,9.0,0.0,9.0
02187,MAKE OVER Powerstay Transferproof Matte Lip Cream B08 Curious 7 g,96.0,0.0,96.0
02189,MAKE OVER Powerstay Total Cover Matte Cream Foundation N10 Marble 12 g,341.0,0.0,341.0
02190,MAKE OVER Powerstay Total Cover Matte Cream Foundation N30 Natural Beige 12 g,15.0,0.0,15.0
02192,MAKE OVER Powerstay Total Cover Matte Cream Foundation W22 Warm Ivory 12 g,120.0,96.0,24.0
02193,MAKE OVER Powerstay Total Cover Matte Cream Foundation W33 Honey Beige 12 g,48.0,0.0,48.0
02194,MAKE OVER Powerstay Total Cover Matte Cream Foundation W42 Warm Sand 12 g,264.0,0.0,264.0
02195,MAKE OVER Powerstay Total Cover Matte Cream Foundation W52 Warm Tan 12 g,3.0,0.0,3.0
02196,MAKE OVER Color Hypnose Creamy Lipmatte 01 Charm 4.3 g,12.0,12.0,0.0
02199,MAKE OVER Color Hypnose Creamy Lipmatte 04 Hypnotic 4.3 g,12.0,12.0,0.0
02200,MAKE OVER Color Hypnose Creamy Lipmatte 05 Scandal 4.3 g,204.0,0.0,204.0
02201,MAKE OVER Color Hypnose Creamy Lipmatte 06 Kiss 4.3 g,144.0,0.0,144.0
02203,MAKE OVER Color Hypnose Creamy Lipmatte 08 Addicted 4.3 g,1.0,0.0,1.0
02207,MAKE OVER Color Hypnose Creamy Lipmatte 12 Magnet 4.3 g,3.0,0.0,3.0
02208,Emina 2 in 1 Scrub Mask 50 ml,32.0,0.0,32.0
02208x,Emina 2 in 1 Scrub Mask 50 ml,12.0,0.0,12.0
02209,Emina Aloe Vera Face Mist 60 ml,1052.0,0.0,1052.0
02211,Emina Sugar Rush Lipstick 14 Molten Brownie 3.8 g,25.0,0.0,25.0
02213,Emina Sugar Rush Lipstick 16 Peach Drops 3.8 g,48.0,0.0,48.0
02215,Wardah White Secret Pure Treatment Essence 50 ml,88.0,0.0,88.0
02216,Wardah Perfect Bright BB Powder 50 g,194.0,0.0,194.0
02317,Emina Magic Potion 05 Summer 5.5 ml,52.0,0.0,52.0
02318,MAKE OVER Eye Brow Definition Kit 01 Dark Brown 6.9 g,54.0,0.0,54.0
02319,MAKE OVER Eye Brow Definition Kit 02 Grey Brown 6.9 g,31.0,0.0,31.0
02320,Wardah Nature Daily Orange Pomelo Brightening Wash Off Capsule Mask 10 ml,18.0,0.0,18.0
02328,MAKE OVER Powerstay Demi-Matte Cover Cushion W33 Honey Beige 15 g,36.0,0.0,36.0
02329,MAKE OVER Powerstay Demi-Matte Cover Cushion W30 Creme Beige 15 g,646.0,0.0,646.0
02330,MAKE OVER Powerstay Demi-Matte Cover Cushion W41 Coral Sand 15 g,18.0,0.0,18.0
02331,Wardah Nature Daily Milky Oat Exfoliating Scrub Capsule Mask 10 ml,72.0,0.0,72.0
02332,Wardah Nature Daily Tea Tree Oil Control Clay Capsule Mask 10 ml,120.0,0.0,120.0
02334,Wardah Lightening Oil-Infused Micellar Water 100 ml,1345.0,28.0,1317.0
02335,Emina Magic Potion 04 Sienna 5.5 ml,1.0,0.0,1.0
02336,Wardah C-Defense Waterclay Mask 30 g,72.0,0.0,72.0
02353,Wardah C-Defense Sleeping Mask 30 g,312.0,0.0,312.0
02354,Wardah Colorfit Velvet Matte Lip Mousse 09 Ombre Charmer 4 g,864.0,0.0,864.0
02355,Wardah Colorfit Velvet Matte Lip Mousse 10 Lively Coral 4 g,592.0,0.0,592.0
02356,Wardah Colorfit Velvet Matte Lip Mousse 11 Cherish Marmalade 4 g,1408.0,0.0,1408.0
02357,Wardah Colorfit Velvet Matte Lip Mousse 12 Chic Terracotta 4 g,896.0,0.0,896.0
02358,Wardah Colorfit Velvet Matte Lip Mousse 13 Sweet Cinnamon 4 g,2224.0,0.0,2224.0
02359,Wardah Colorfit Velvet Matte Lip Mousse 14 Dainty Caramel 4 g,417.0,0.0,417.0
02361,Emina Lip Cushion 04. Say Coral 9 g,48.0,0.0,48.0
02365,Wardah Lightening Powder Foundation Extra Cover 01 Light Beige 10 g,72.0,0.0,72.0
02366,Wardah Lightening Powder Foundation Extra Cover 02 Golden Beige 10 g,12.0,0.0,12.0
02367,Wardah Lightening Powder Foundation Extra Cover 03 Sheer Pink 10 g,36.0,0.0,36.0
02368,Wardah Lightening Powder Foundation Extra Cover 04 Natural 10 g,32.0,0.0,32.0
02369,Wardah Lightening Powder Foundation Light Feel 01 Light Beige 12 g,1474.0,0.0,1474.0
02370,Wardah Lightening Powder Foundation Light Feel 02 Golden Beige 12 g,1732.0,0.0,1732.0
02371,Wardah Lightening Powder Foundation Light Feel 03 Sheer Pink 12 g,189.0,0.0,189.0
02372,Wardah Lightening Powder Foundation Light Feel 04 Natural 12 g,74.0,0.0,74.0
02373,Wardah Lightening Powder Foundation Light Feel 05 Beige 12 g,648.0,0.0,648.0
02374,Wardah Lightening Powder Foundation Light Feel 06 Ivory 12 g,420.0,0.0,420.0
02375,Wardah Lightening Powder Foundation Light Feel 07 Honey Beige 12 g,849.0,0.0,849.0
02377,Wardah Refill Lightening Powder Foundation Extra Cover 02 Golden Beige 10 g,2856.0,0.0,2856.0
02378,Wardah Refill Lightening Powder Foundation Extra Cover 03 Sheer Pink 10 g,552.0,0.0,552.0
02379,Wardah Refill Lightening Powder Foundation Extra Cover 04 Natural 10 g,147.0,0.0,147.0
02380,Wardah Refill Lightening Powder Foundation Light Feel 01 Light Beige 12 g,2908.0,0.0,2908.0
02381,Wardah Refill Lightening Powder Foundation Light Feel 02 Golden Beige 12 g,6264.0,0.0,6264.0
02382,Wardah Refill Lightening Powder Foundation Light Feel 03 Sheer Pink 12 g,3026.0,0.0,3026.0
02383,Wardah Refill Lightening Powder Foundation Light Feel 04 Natural 12 g,1129.0,0.0,1129.0
02384,Wardah Refill Lightening Powder Foundation Light Feel 05 Beige 12 g,123.0,0.0,123.0
02385,Wardah Refill Lightening Powder Foundation Light Feel 06 Ivory 12 g,2160.0,0.0,2160.0
02386,Wardah Refill Lightening Powder Foundation Light Feel 07 Honey Beige 12 g,912.0,0.0,912.0
02387,Wardah Lightening Matte Powder 01 Light Beige 20 g,900.0,0.0,900.0
02389,Wardah Lightening Matte Powder 03 Ivory 20 g,56.0,0.0,56.0
02390,Wardah Lightening Matte Powder 04 Natural 20 g,387.0,0.0,387.0
02391,Emina Bright Stuff for Acne Prone Skin Face Wash 100 ml,2701.0,220.0,2481.0
02393,Wardah Lightening Whip Facial Foam 50 ml,100.0,0.0,100.0
02394,Wardah Lightening Whip Facial Foam 100 ml,841.0,0.0,841.0
02395,Wardah Lightening Oil-Infused Micellar Water 50 ml,252.0,42.0,210.0
02397,Emina Glossy Stain 03 Candy Rain 3 g,672.0,0.0,672.0
02398,Emina Bright Stuff for Acne Prone Skin Moisturizing Cream 20 ml,3168.0,324.0,2844.0
02403,Wardah Lightening Liquid Concealer 01 Light 7 g (Blister),144.0,72.0,72.0
02404,Wardah Lightening Liquid Concealer 02 Beige 7 g (Blister),1008.0,0.0,1008.0
02405,MAKE OVER Powerstay Matte Powder Foundation N20 Ivory 12 g,48.0,0.0,48.0
02406,Emina Glossy Stain 01 Autumn Bell 3 g,192.0,192.0,0.0
02412,Wardah Lightening Micellar Gentle Wash 50 ml,150.0,150.0,0.0
02413,Wardah Lightening Micellar Gentle Wash 100 ml,565.0,35.0,530.0
02414,Wardah Lightening Day Cream Advanced Niacinamide 30 g,1367.0,96.0,1271.0
02415,Wardah Lightening Night Cream Advanced Niacinamide 30 g,523.0,48.0,475.0
02416,Wardah Lightening Day Cream Advanced Niacinamide 20 mL,406.0,216.0,190.0
02417,Wardah Lightening Night Cream Advanced Niacinamide 20 mL,1190.0,180.0,1010.0
02418,Wardah Lightening Liquid Foundation 01. Light Beige 25 ml (Blister),612.0,0.0,612.0
02419,Wardah Lightening Liquid Foundation 02. Beige 25 ml (Blister),455.0,72.0,383.0
02420,Wardah Lightening Liquid Foundation 03. Ivory 25 ml (Blister),324.0,0.0,324.0
02422,Wardah Nature Daily Aloe Hydramild Hand Sanitizer 100 ml,560.0,0.0,560.0
02425,Wardah Exclusive Glowing Highlighter 6.5 g,240.0,0.0,240.0
02426,Wardah Lightening Blue Clay Mask 50 g,200.0,0.0,200.0
02427,Wardah Lightening Essence Sheet Mask 20 ml,110.0,0.0,110.0
02428,Wardah Lightening Face Toner 125 ml,2447.0,192.0,2255.0
02431,Wardah Lightening Cleansing Milk 100 ml,214.0,0.0,214.0
02432,WARDAH CRYSTALLURE Precious All Day Corrective Concealer 11 LIGHT 1.9 ml,24.0,0.0,24.0
02434,Wardah Lightening Gentle Exfoliator 50 ml,1450.0,100.0,1350.0
02435,WARDAH CRYSTALLURE Precious Liquid Lip Couture 01 Royale 6.5 g,12.0,0.0,12.0
02436,WARDAH CRYSTALLURE Precious Liquid Lip Couture 02 Sophistique 6.5 g,12.0,0.0,12.0
02437,WARDAH CRYSTALLURE Precious Liquid Lip Couture 03 Grandiose 6.5 g,144.0,0.0,144.0
02439,WARDAH CRYSTALLURE Precious Liquid Lip Couture 05 Luxe 6.5 g,12.0,0.0,12.0
02440,Wardah Lightening Day Gel 30 g,360.0,24.0,336.0
02442,Emina Bright Stuff for Acne Prone Skin Face Wash 50 ml,4850.0,500.0,4350.0
02446,Emina Creamatte 16 Soda Gembira 5.5 gr,19.0,0.0,19.0
02447,Emina Creamatte 17 Bola Ubi 5.5 gr,160.0,0.0,160.0
02449,Emina Creamatte 19 Pisang Cokelat 5.5 gr,1.0,0.0,1.0
02450,Emina Aloe Vera Hand Gel 60 ml,35.0,0.0,35.0
02452,Emina Bare with Me Mineral Mild Foundation 02 Natural 30 ml,126.0,0.0,126.0
02453,Emina Bare with Me Mineral Mild Foundation 03 Caramel 30 ml,210.0,0.0,210.0
02455,Make Over All Purpose Sanitizer 200 ml,136.0,0.0,136.0
02456,Wardah Nature Daily Aloe Hydramild Hand Gel 50 ml,324.0,0.0,324.0
02458,Wardah Nature Daily Aloe Hydramild Hand Sanitizer 240 ml,288.0,0.0,288.0
02459,Wardah Instaperfect Everlast Intense Matte Liquid 01 EXCEPTIONAL 4.2 g,295.0,0.0,295.0
02460,Wardah Instaperfect Everlast Intense Matte Liquid 02 TIMELESS 4.2 g,4.0,0.0,4.0
02461,Wardah Instaperfect Everlast Intense Matte Liquid 03 SURREAL 4.2 g,288.0,0.0,288.0
02462,Wardah Instaperfect Everlast Intense Matte Liquid 04 GRANDE 4.2 g,362.0,0.0,362.0
02463,Wardah Instaperfect Everlast Intense Matte Liquid 05 SPLENDID 4.2 g,360.0,0.0,360.0
02464,Wardah Instaperfect Everlast Intense Matte Liquid 06 AUTHENTIC 4.2 g,120.0,0.0,120.0
02465,Wardah Instaperfect Everlast Intense Matte Liquid 07 EFFORTLESS 4.2 g,12.0,0.0,12.0
02466,Wardah Instaperfect Everlast Intense Matte Liquid 08 DASHING 4.2 g,24.0,0.0,24.0
02468,Emina Aloe Vera Hand Gel 50 ml,224.0,0.0,224.0
02469,Wardah UV Shield Aqua Fresh Essence SPF 50 30 ml,4156.0,140.0,4016.0
02470,Wardah UV Shield Active Protection Serum SPF 50 35 ml,1426.0,861.0,565.0
02471,Wardah UV Shield Essential Sunscreen Gel SPF 30 40 ml,1176.0,0.0,1176.0
02472,Wardah UV Shield Light Matte Sun Stick 22 g,1585.0,24.0,1561.0
02473,Emina Clay Mask Brightening 60 ml,264.0,0.0,264.0
02474,Emina Clay Mask Sebum Control 60 ml,396.0,0.0,396.0
02480,Wardah Lightening Serum Ampoule 5x5 ml,1200.0,48.0,1152.0
02520,Emina Bright Stuff Whip Face Wash 50 ml,4700.0,300.0,4400.0
02521,Wardah Hydra Rose Micro Gel Serum 30 ml,108.0,0.0,108.0
02522,Wardah Hydra Rose Dewy Aqua Day Gel 40 g,48.0,0.0,48.0
02523,Wardah Hydra Rose Dewy Aqua Day Gel 17 ml,180.0,0.0,180.0
02524,Wardah Hydra Rose Moisture Rich Night Gel 40 g,24.0,0.0,24.0
02525,Wardah Hydra Rose Moisture Rich Night Gel 17 ml,36.0,0.0,36.0
02526,Wardah Hydra Rose Gel to Foam cleanser 100 ml,64.0,60.0,4.0
02534,Make Over Hydrastay Smooth Lip Whip C01 Grace 6.5 g,60.0,0.0,60.0
02536,Make Over Hydrastay Smooth Lip Whip C03 Poetic 6.5 g,3.0,0.0,3.0
02537,Make Over Hydrastay Smooth Lip Whip C04 Real 6.5 g,72.0,0.0,72.0
02540,Make Over Hydrastay Smooth Lip Whip C07 Soirée 6.5 g,51.0,0.0,51.0
02541,Make Over Hydrastay Smooth Lip Whip C08 Devoted 6.5 g,71.0,0.0,71.0
02544,Make Over Hydrastay Smooth Lip Whip C11 Suave 6.5 g,144.0,0.0,144.0
02796,MAKE OVER Powerstay Transferproof Matte Lip Cream B09 Popular 7 g,24.0,0.0,24.0
02797,MAKE OVER Powerstay Transferproof Matte Lip Cream B10 M.O. 7 g,277.0,0.0,277.0
02808,Kahf Invigorating Waterfall Eau de Toilette 35 ml,132.0,0.0,132.0
02809,Kahf Humbling Forest Eau de Toilette 35 ml,93.0,0.0,93.0
02810,Kahf True Brotherhood Eau de Toilette 35 ml,44.0,0.0,44.0
02811,Kahf Revered Oud Eau de Toilette 35 ml,90.0,0.0,90.0
02812,Kahf Skin Energizing and Brightening Face Wash 100 ml,105.0,0.0,105.0
02813,Kahf Oil and Acne Care Face Wash 100 ml,115.0,0.0,115.0
02815,Kahf Nourishing Beard Oil 30 ml,48.0,0.0,48.0
02816,Kahf Energizing Hair and Body Wash 200 ml,432.0,0.0,432.0
02817,Kahf Relaxing Hair and Body Wash 200 ml,27.0,0.0,27.0
02818,Kahf Soothing Antiperspirant Deodorant 50 ml,144.0,0.0,144.0
02823,MAKE OVER Hydrastay Lite Glow Cushion C21 Pink Ivory 15 g,48.0,0.0,48.0
02824,MAKE OVER Hydrastay Lite Glow Cushion N30 Natural Beige 15 g,79.0,24.0,55.0
02828,MAKE OVER Hydrastay Lite Glow Cushion N50 Tan 15 g,48.0,0.0,48.0
02833,Wardah Nature Daily Aloe Hydramild Hand Wash 250 ml,252.0,0.0,252.0
02834,Wardah Nature Daily Aloe Hydramild Body Wash 250 ml,540.0,0.0,540.0
02835,Emina Skin Buddy Sun Protection SPF 30 PA+++ 60 ml,293.0,36.0,257.0
02836,Emina Skin Buddy Dot Burst Face Wash 60 ml,36.0,0.0,36.0
02837,Emina Skin Buddy Bubble Up Face Wash 60 ml,55.0,36.0,19.0
02838,Emina Skin Buddy Micellar Water 100 ml,532.0,0.0,532.0
02839,Emina Skin Buddy Micellar Water 50 ml,64.0,0.0,64.0
02840,Emina Skin Buddy Face Toner 100 ml,2222.0,0.0,2222.0
02841,MAKE OVER Hydrastay Radiant Finishing Powder 8 gr,53.0,0.0,53.0
02845,WARDAH CRYSTALLURE Precious Luminizing Silk Powder Foundation 14 CREME 12 g,144.0,0.0,144.0
02846,WARDAH CRYSTALLURE Precious Lustre Prism Blush 10 g,48.0,0.0,48.0
02847,Emina Bright Stuff Face Toner 100 ml,1925.0,175.0,1750.0
02848,Wardah Lightening Face Mist 60 ml,2250.0,120.0,2130.0
02849,Wardah Colorfit Mattifying Powder 22N Light Ivory 15 g,35.0,0.0,35.0
02851,Wardah Colorfit Mattifying Powder 32N Neutral Beige 15 g,48.0,0.0,48.0
02852,Wardah Colorfit Mattifying Powder 43W Golden Sand 15 g,96.0,0.0,96.0
02854,Wardah Colorfit Matte Foundation 22N Light Ivory 25 ml,186.0,0.0,186.0
02855,Wardah Colorfit Matte Foundation 23W Warm Ivory 25 ml,248.0,0.0,248.0
02856,Wardah Colorfit Matte Foundation 32N Neutral Beige 25 ml,310.0,0.0,310.0
02857,Wardah Colorfit Matte Foundation 33W Olive Beige 25 ml,370.0,0.0,370.0
02858,Wardah Colorfit Matte Foundation 43W Golden Sand 25 ml,2108.0,0.0,2108.0
02860,Wardah Colorfit Matte Foundation 52N Almond 25 ml,191.0,0.0,191.0
02861,Wardah Colorfit Velvet Powder Foundation 11C Pink Fair 11 g,516.0,0.0,516.0
02862,Wardah Colorfit Velvet Powder Foundation 22N Light Ivory 11 g,108.0,0.0,108.0
02863,Wardah Colorfit Velvet Powder Foundation 23W Warm Ivory 11 g,42.0,0.0,42.0
02864,Wardah Colorfit Velvet Powder Foundation 32N Neutral Beige 11 g,1.0,0.0,1.0
02865,Wardah Colorfit Velvet Powder Foundation 33W Olive Beige 11 g,207.0,0.0,207.0
02866,Wardah Colorfit Velvet Powder Foundation 43W Golden Sand 11 g,180.0,0.0,180.0
02867,Wardah Colorfit Velvet Powder Foundation 42N Neutral Sand 11 g,358.0,0.0,358.0
02868,Wardah Colorfit Velvet Powder Foundation 52N Almond 11 g,36.0,0.0,36.0
02869,Wardah Colorfit Ultralight Matte Lipstick 09 Romantic Namsan 3.6 g,863.0,0.0,863.0
02870,Wardah Colorfit Ultralight Matte Lipstick 10 Stunning Seoul 3.6 g,864.0,0.0,864.0
02871,Wardah Colorfit Ultralight Matte Lipstick 11 Sunkissed Jeju 3.6 g,1872.0,0.0,1872.0
02872,Wardah Colorfit Ultralight Matte Lipstick 12 Autumn Nami 3.6 g,1316.0,0.0,1316.0
02873,Wardah Colorfit Ultralight Matte Lipstick 13 Upbeat Hongdae 3.6 g,863.0,0.0,863.0
02874,Emina Sun Battle SPF 45 PA+++ 30 ml,30.0,0.0,30.0
02875,Emina Sun Battle SPF 30 PA+++ 60 ml,10169.0,756.0,9413.0
02876,Emina Cheek Lit Blush Stick Pink 7 g,420.0,144.0,276.0
02878,Emina Cheek Lit Highlighter Stick Nudetwinkle 7 g,40.0,0.0,40.0
02879,Emina Cheek Lit Highlighter Powder Nudesparkle 3.8 g,136.0,0.0,136.0
02897,Wardah Lightening Serum Ampoule 8 ml,2316.0,420.0,1896.0
02898,Wardah Lightening Serum Ampoule 30 ml,720.0,72.0,648.0
02900,Emina Capsule Treat Gel Mask Green Tea 10 ml,42.0,0.0,42.0
02902,Emina Capsule Treat Sleeping Mask Rice 10 ml,286.0,0.0,286.0
02903,Emina Capsule Treat Sleeping Mask Cucumber 10 ml,48.0,0.0,48.0
02904,Emina Squeeze Me Up Browcara Woody 8 g,144.0,144.0,0.0
02905,Emina Squeeze Me Up Browcara Ashy 8 g,65.0,0.0,65.0
02906,Emina Squeeze Me Up Mascara 8 g,300.0,0.0,300.0
02907,Emina Squeeze Me Up Browcara Clear 8 g,41.0,0.0,41.0
02908,Emina Squeeze Me Up Liquid Concealer Light 8 g,216.0,0.0,216.0
02909,Emina Squeeze Me Up Liquid Concealer Natural 8 g,72.0,0.0,72.0
02912,Emina Squeeze Me Up Lip Matte 02 Bake a Cookie 6.5 g,1008.0,0.0,1008.0
02918,Emina Bright Stuff Micellar Water 100 ml,1584.0,28.0,1556.0
02919,Emina Bright Stuff Micellar Water 50 ml,65.0,64.0,1.0
02920,Emina Bright Stuff Face Serum 30 ml,668.0,72.0,596.0
02921,Emina Bright Stuff Face Scrub 50 ml,50.0,50.0,0.0
02922,Emina Bright Stuff Face Wash 50 ml isi 6 pcs,12.0,0.0,12.0
02924,Wardah C-Defense Energizing Whip Foam 50 ml,664.0,0.0,664.0
02925,Wardah C-Defense Energizing Whip Foam 100 ml,2975.0,0.0,2975.0
02926,Wardah C-Defense Mousse Moisturizer 30 g,94.0,24.0,70.0
02931,Wardah Colorfit Last All Day Lip Paint 12 Berry Lasting 4.2 g,327.0,0.0,327.0
02933,Wardah Colorfit Last All Day Lip Paint 10 Forever Mauve 4.2 g,576.0,0.0,576.0
02934,Wardah Colorfit Last All Day Lip Paint 03 Stick To Latte 4.2 g,288.0,0.0,288.0
02935,Wardah Colorfit Last All Day Lip Paint 08 Red Repeat 4.2 g,96.0,0.0,96.0
02937,Wardah Colorfit Last All Day Lip Paint 01 Peach Till Drop 4.2 g,164.0,0.0,164.0
02938,Wardah Colorfit Last All Day Lip Paint 04 Brownderlast 4.2 g,542.0,144.0,398.0
02939,Wardah Colorfit Last All Day Lip Paint 09 Timeless Rose 4.2 g,576.0,0.0,576.0
02940,Wardah Colorfit Last All Day Lip Paint 06 Infinite Coral 4.2 g,276.0,0.0,276.0
02942,Wardah Colorfit Last All Day Lip Paint 05 Stay Russet 4.2 g,144.0,144.0,0.0
02944,Wardah Instaperfect Everlast Intense Matte Liquid 10 LA VIE EN ROSE 4.2 g,507.0,0.0,507.0
02945,Wardah Instaperfect Everlast Intense Matte Liquid 11 JOIE DE VIVRE 4.2 g,552.0,0.0,552.0
02946,Wardah Instaperfect Everlast Intense Matte Liquid 12 VENI VIDI AMAVI 4.2 g,264.0,0.0,264.0
02948,MAKE OVER Hydrastay Liquid Tint Blush 01 Flair 15 ml,12.0,0.0,12.0
02949,MAKE OVER Hydrastay Liquid Tint Blush 02 Gala 15 ml,6.0,0.0,6.0
02950,MAKE OVER Hydrastay Liquid Tint Blush 03 Solace 15 ml,1.0,0.0,1.0
02951,MAKE OVER Hydrastay Liquid Tint Blush 04 Dolce 15 ml,30.0,0.0,30.0
02957,MAKE OVER Hydrastay Glow Fluid Foundation W33 Honey Beige 35 ml,50.0,0.0,50.0
02961,Make Over Lash Impulse Waterproof Mascara 9 ml,5288.0,0.0,5288.0
02963,MAKE OVER #Stay Fabulous Small Steps Baes,9.0,0.0,9.0
02966,Kahf Gentle Exfoliating Face Scrub 100 ml,19.0,0.0,19.0
02967,Kahf Triple Protection Sunscreen Moisturizer 30 ml,14.0,0.0,14.0
02968,Kahf Everyday Multipurpose Refreshing Spray 100 ml,90.0,0.0,90.0
02996,Wardah Colorfit Velvet Matte Lip Mousse - Women's Day Special Edition 06 Fuchsia Lover 4 g,8.0,0.0,8.0
03098,Wardah UV Shield Essential Sunscreen Gel SPF 30 (New Blister),53376.0,49392.0,3984.0
03099,Emina Lip Mask 9 gr (Blister Version),3684.0,24.0,3660.0
03100,"Wardah Hydra Rose Dewy Skin Starter Kit (Facial Wash 20 ml, Toner 30 ml, Day Gel 8 ml)",18.0,0.0,18.0
03101,Crystallure Essential Skincare Routine,5.0,0.0,5.0
03103,Emina Poppin’ Matte 02 To Be Honest 4.5 g,96.0,0.0,96.0
03104,Emina Poppin’ Matte 03 Game On 4.5 g,96.0,0.0,96.0
03105,Emina Poppin’ Matte 04 Snatched 4.5 g,384.0,0.0,384.0
03114,Emina Daily Matte Compact Powder 01 Light 11 g,108.0,72.0,36.0
03119,Emina Daily Matte BB Cream 02 Natural 16 g,72.0,60.0,12.0
03120,Emina Daily Matte BB Cream 03 Caramel 16 g,60.0,0.0,60.0
03122,Wardah Instaperfect BROWFLASH 3-in-1 Brow Perfector 01 True Brown 0.6 g,181.0,0.0,181.0
03123,Wardah Instaperfect BROWFLASH 3-in-1 Brow Perfector 02 Ash Brown 0.6 g,113.0,0.0,113.0
03125,Emina Lip Mask Milky Matcha 9 g,24.0,24.0,0.0
03126,Emina Lip Mask Orange Squash 9 g,624.0,0.0,624.0
03128,Emina Masquerade Face Mask Cactus 23 g,2360.0,48.0,2312.0
03129,Emina Masquerade Face Mask Blueberry 23 g,3264.0,0.0,3264.0
03130,Emina Masquerade Face Mask Grapefruit 23 g,1478.0,0.0,1478.0
03131,Emina Masquerade Face Mask Charcoal 23 g,3312.0,0.0,3312.0
03132,Wardah Crystal Secret Brightening Day Cream 9 ml,60.0,0.0,60.0
03133,Wardah Crystal Secret Brightening Day Cream 15 ml,612.0,180.0,432.0
03134,Wardah Crystal Secret Brightening Day Cream 30 g,1464.0,144.0,1320.0
03135,Wardah Crystal Secret Bright Activating Night Cream 15 ml,432.0,72.0,360.0
03136,Wardah Crystal Secret Bright Activating Night Cream 30 g,720.0,0.0,720.0
03137,Wardah Crystal Secret Refreshing Day Gel 15 ml,504.0,0.0,504.0
03138,Wardah Crystal Secret Refreshing Day Gel 30 g,24.0,0.0,24.0
03139,Wardah Crystal Secret Dark Spot & Brightening Serum 20 ml,2237.0,50.0,2187.0
03140,Wardah Crystal Secret Pure Treatment Essence 30 ml,40.0,20.0,20.0
03141,Wardah Crystal Secret Pure Treatment Essence 50 ml,125.0,0.0,125.0
03142,Wardah Crystal Secret Pure Treatment Essence 100 ml,40.0,20.0,20.0
03143,Wardah Crystal Secret Eyes Dark Circle Corrector 10 ml,672.0,0.0,672.0
03144,Wardah Crystal Secret Foaming Cleanser with Natural AHA+PHA 100 ml,1500.0,210.0,1290.0
03145,Wardah Crystal Secret Exfoliating Toner with Natural AHA+PHA 125 ml,480.0,60.0,420.0
03146,Wardah Crystal Secret Melting Milk Cleanser 100 ml,60.0,0.0,60.0
03147,Wardah Crystal Secret Micellar Cleansing Gel 95 ml,28.0,0.0,28.0
03148,Wardah Colorfit Velvet Powder Foundation Refill 11C Pink Fair 11 g,420.0,0.0,420.0
03149,Wardah Colorfit Velvet Powder Foundation Refill 22N Light Ivory 11 g,432.0,0.0,432.0
03150,Wardah Colorfit Velvet Powder Foundation Refill 23W Warm Ivory 11 g,312.0,0.0,312.0
03151,Wardah Colorfit Velvet Powder Foundation Refill 32N Neutral Beige 11 g,268.0,0.0,268.0
03152,Wardah Colorfit Velvet Powder Foundation Refill 33W Olive Beige 11 g,131.0,0.0,131.0
03153,Wardah Colorfit Velvet Powder Foundation Refill 43W Golden Sand 11 g,45.0,0.0,45.0
03156,Wardah Everyday Fruity Sheer Lip Balm Picnic Edition Strawberry 4 g,46.0,0.0,46.0
03158,Emina Bright Stuff Face Serum 7.5 ml,144.0,144.0,0.0
03159,Emina Bright Stuff Face Toner 50 ml,112.0,112.0,0.0
03160,Emina Ms. Pimple Acne Solution Face Toner 100 ml,3800.0,0.0,3800.0
03181,Biodef Natural Protection Mint + Sea Salt Body Wash Antiseptik Alami Pouch 400 ml,12.0,0.0,12.0
03182,Biodef Natural Protection Mint + Yuzu Body Wash Antiseptik Alami Botol 275 ml,36.0,16.0,20.0
03183,Biodef Natural Protection Mint + Yuzu Body Wash Antiseptik Alami Pouch 400 ml,2.0,0.0,2.0
03185,Biodef Natural Protection Mint + Yuzu Hand Wash Antiseptik Alami Pouch 200 ml,52.0,0.0,52.0
03203,Emina Natura Pal Gel Cleanser 100 ml,20.0,20.0,0.0
03204,Emina Natura Pal Gel Moisturizer 20 ml,216.0,36.0,180.0
03205,Emina Natura Pal Toner Essence 100 ml,25.0,25.0,0.0
03272,MAKE OVER POWERSKIN Bi-Phase Oil Micellar Water 200 ml,36.0,0.0,36.0
03276,MAKE OVER Powerstay Matte Powder Foundation W50 Creme Tan 12 g,3.0,0.0,3.0
03312,MAKE OVER Powerstay Matte Powder Foundation C31 Pink Beige 12 g,8.0,0.0,8.0
03314,MAKE OVER Powerstay Matte Powder Foundation C41 Cool Sand 12 g,4.0,0.0,4.0
03316,MAKE OVER Powerstay Matte Powder Foundation W12 Warm Marble 12 g,20.0,0.0,20.0
03318,MAKE OVER Powerstay Matte Powder Foundation W32 Warm Beige 12 g,14.0,0.0,14.0
03356,Tavi Urban Shield 3 in 1 Super Fine Mist 90 ml,11.0,0.0,11.0
03365,Wardah Colorfit Cream Blush 01 SAND CORAL 3 g,240.0,0.0,240.0
03366,Wardah Colorfit Cream Blush 02 MERRY MAUVE 3 g,600.0,0.0,600.0
03369,Wardah COLORFIT QUAD EYE PALETTE 01 BRUNETTE DAWN 6 g,420.0,0.0,420.0
03377,Wardah Colorfit Fresh Matte Lip Ink 06 Hyped Up 4 g,48.0,0.0,48.0
03378,Wardah Colorfit Fresh Matte Lip Ink 07 Busy Bee 4 g,12.0,0.0,12.0
03400,Wardah Colorfit Perfect Glow Cushion 11C Pink Fair 15 g,432.0,0.0,432.0
03401,Wardah Colorfit Perfect Glow Cushion 22N Light Ivory 15 g,96.0,0.0,96.0
03403,Wardah Colorfit Perfect Glow Cushion 32N Neutral Beige 15 g,336.0,0.0,336.0
03404,Wardah Colorfit Perfect Glow Cushion 33W Olive Beige 15 g,48.0,0.0,48.0
03405,Wardah Colorfit Perfect Glow Cushion 42N Neutral Sand 15 g,192.0,48.0,144.0
03407,Wardah Colorfit Perfect Glow Cushion 52N Almond 15 g,96.0,0.0,96.0
03408,Wardah Crystallure Advanced Glow Kit,20.0,0.0,20.0
03436,Wardah Crystal Secret Radiant Skin Starter Kit,24.0,0.0,24.0
03441,Wardah Everyday Luminous Liquid Foundation – 01 Natural White 35 ml,216.0,108.0,108.0
03442,Wardah Everyday Luminous Liquid Foundation – 02 Light Beige 35 ml,828.0,144.0,684.0
03443,Wardah Everyday Luminous Liquid Foundation – 03 Beige 35 ml,48.0,36.0,12.0
03444,Wardah Everyday Luminous Liquid Foundation – 04 Natural 35 ml,468.0,36.0,432.0
03445,Wardah EyeXpert Eyebrow Pencil Black 1.14 g (Blister),7661.0,0.0,7661.0
03446,Wardah EyeXpert Eyebrow Pencil Brown 1.14 g (Blister),1652.0,0.0,1652.0
03447,Wardah EYEXPERT Perfect Precision Liner 1 ml,144.0,48.0,96.0
03448,Wardah EyeXpert Matic Brow Definer 01 LIGHT BROWN 0.25 g,337.0,0.0,337.0
03449,Wardah EyeXpert Matic Brow Definer 02 DARK BROWN 0.25 g,8.0,0.0,8.0
03462,Wardah Instaperfect Litesplash Lip Sorbet 04 Chandler 4.2 g,24.0,0.0,24.0
03470,Instaperfect QUICKMATTE Loose Powder 11 Fair Pink 9 g,48.0,0.0,48.0
03476,Wardah EYEXPERT Liftlast Waterproof Mascara 8 ml,1248.0,48.0,1200.0
03477,Wardah Lightening Liquid Foundation 01. Light Beige 6 ml,288.0,0.0,288.0
03478,Wardah Lightening Liquid Foundation 02. Beige 6 ml,216.0,0.0,216.0
03479,Wardah Lightening Liquid Foundation 03. Ivory 6 ml,156.0,0.0,156.0
03480,Wardah Lightening Liquid Foundation 04. Natural 6 ml,504.0,0.0,504.0
03489,Wardah Nature Daily Aloe Hydramild Essence Toner 100 ml,800.0,25.0,775.0
03491,Wardah Perfect Bright Creamy Foam Brightening + Smoothing 6 x 20 ml,40.0,0.0,40.0
03494,Wardah Refill Colorfit Perfect Glow Cushion 11C Pink Fair,48.0,0.0,48.0
03495,Wardah Refill Colorfit Perfect Glow Cushion 22N Light Ivory,240.0,0.0,240.0
03496,Wardah Refill Colorfit Perfect Glow Cushion 23W Warm Ivory,384.0,0.0,384.0
03497,Wardah Refill Colorfit Perfect Glow Cushion 32N Neutral Beige,192.0,0.0,192.0
03508,Wardah Everyday! Matte Lip Shot 01 #fyp 1.8 g,346.0,0.0,346.0
03509,Wardah Everyday! Matte Lip Shot 02 #throwback 1.8 g,192.0,0.0,192.0
03510,Wardah Everyday! Matte Lip Shot 03 #nowplaying 1.8 g,357.0,0.0,357.0
03511,Wardah Everyday! Matte Lip Shot 04 #ootd 1.8 g,288.0,0.0,288.0
03512,Wardah Everyday! Matte Lip Shot 05 #mood 1.8 g,192.0,0.0,192.0
03532,Wardah Acnederm Acne Care Serum 15 ml,72.0,0.0,72.0
03535,Emina Watercolor Lip Serum 01 Dawn 2 g,236.0,0.0,236.0
03536,Emina Watercolor Lip Serum 02 Mist 2 g,120.0,0.0,120.0
03537,Emina Watercolor Lip Serum 03 Dusk 2 g,864.0,576.0,288.0
03538,Emina Watercolor Lip Serum 04 Haze 2 g,576.0,0.0,576.0
03658,MAKE OVER Multifix Matte Blusher 03 Blush Rush 9 g,6.0,6.0,0.0
03672,Instaperfect QUICKMATTE Loose Powder 22 Light Ivory 9 g,48.0,0.0,48.0
03697,Wardah Instaperfect BOOKMARK MINERALIGHT MATTE BB Cushion 11. FAIR 15 g,72.0,0.0,72.0
03698,Wardah Instaperfect BOOKMARK MINERALIGHT MATTE BB Cushion 12. IVORY 15 g,168.0,0.0,168.0
03699,Wardah Instaperfect BOOKMARK MINERALIGHT MATTE BB Cushion 13. BEIGE 15 g,798.0,0.0,798.0
03701,Wardah Instaperfect BOOKMARK MATTESETTER Lip Matte Paint 06. FLAIR 5.5 g,204.0,0.0,204.0
03702,Wardah Instaperfect BOOKMARK MATTESETTER Lip Matte Paint 07. DAZZLE 5.5 g,12.0,0.0,12.0
03714,Wardah Instaperfect BOOKMARK MATTESETTER Lip Matte Paint 02. DEAR 5.5 g,204.0,0.0,204.0
03732,Wardah Renew You Facial Wash 100 ml (Pc(s)),390.0,270.0,120.0
03737,LABORE Sensitive Skin Care BiomeRepair Barrier Revive Cream 50 ml,30.0,0.0,30.0
03741,LABORE Sensitive Skin Care GentleBiome Hydration Toner 100 ml,112.0,0.0,112.0
03750,LABORE Sensitive Skin Care On-The-Go Minis II,48.0,0.0,48.0
03752,LABORÉ Sensitive Skin Care GentleBiome Barrier Repair Serum 7 ml,5.0,0.0,5.0
03757,LABORE Sensitive Skin Care GentleBiome Hydration Toner 30 ml,200.0,0.0,200.0
03760,MAKE OVER Hydrastay Lite Glow Cushion W12 Warm Marble 15 g,72.0,0.0,72.0
03761,MAKE OVER Hydrastay Lite Glow Cushion N20 Ivory 15 g,120.0,0.0,120.0
03762,MAKE OVER Hydrastay Lite Glow Cushion W21 Coral Ivory 15 g,72.0,0.0,72.0
03764,MAKE OVER Hydrastay Lite Glow Cushion W30 Creme Beige 15 g,48.0,0.0,48.0
03765,MAKE OVER Hydrastay Lite Glow Cushion W32 Warm Beige 15 g,96.0,0.0,96.0
03766,MAKE OVER Hydrastay Lite Glow Cushion C41 Cool Sand 15 g,48.0,0.0,48.0
03767,MAKE OVER Hydrastay Lite Glow Cushion N40 Sand 15 g,48.0,0.0,48.0
03768,MAKE OVER Hydrastay Lite Glow Cushion W50 Creme Tan 15 g,48.0,0.0,48.0
03769,MAKE OVER Hydrastay Lite Glow Cushion C51 Cool Tan 15 g,24.0,0.0,24.0
03770,MAKE OVER Hydrastay Lite Glow Cushion C62 Rich Cocoa 15 g,24.0,0.0,24.0
03771,MAKE OVER Hydrastay Lite Glow Cushion W60 Creme Cocoa 15 g,24.0,0.0,24.0
03789,Wardah Perfect Bright Creamy Foam Bright + Oil Control 100 ml,720.0,720.0,0.0
03791,Wardah Perfect Bright Creamy Foam Bright + Smooth Glow 50 ml,576.0,108.0,468.0
03792,Wardah Perfect Bright Creamy Foam Bright + Smooth Glow 100 ml,780.0,90.0,690.0
03793,Wardah Perfect Bright Moisturizer Bright + Oil Control SPF 30 PA+++ 20 ml,216.0,108.0,108.0
03795,Wardah Perfect Bright Bright + Tone Up Micellar Water 100 ml,180.0,180.0,0.0
03798,Wardah Perfect Bright Cooling Bright Jelly Facial Foam 100 ml,6840.0,30.0,6810.0
03813,Wardah Renew You Toner Essence 50 ml (Pc(s)),200.0,25.0,175.0
03814,Wardah Renew You Toner Essence 100 ml (Pc(s)),120.0,0.0,120.0
03815,Emina Ms. Pimple Acne Solution Face Serum 30 ml,108.0,36.0,72.0
03816,Wardah Renew You Night Cream 30 g (Pc(s)),3240.0,0.0,3240.0
03817,Wardah Renew You Eye Cream 10 g (Pc(s)),1104.0,0.0,1104.0
03818,Wardah Renew You Day Cream 30 g (Pc(s)),3744.0,0.0,3744.0
03841,Emina Poppin' Matte The 90's Edition 07 Rubic Cubic 4.5 g,72.0,0.0,72.0
03843,Emina Poppin' Matte The 90's Edition 09 Tossin' Tazos 4.5 g,72.0,0.0,72.0
03874,Kahf Relaxing and Acne Fight Body Wash 200 ml,72.0,0.0,72.0
03886,Wardah Renew You Day Cream 9 g (Pc(s)),30.0,0.0,30.0
03889,Wardah Renew You Day Cream 15 g (Pc(s)),1008.0,0.0,1008.0
03890,Wardah Renew You Night Cream 15 g (Pc(s)),972.0,0.0,972.0
03891,Wardah Eyexpert Brow Lash Serum 10 ml,48.0,0.0,48.0
03910,Wardah Colorfit Last All Day Lip Paint 15. Dazzling New York,48.0,0.0,48.0
03911,Wardah Colorfit Last All Day Lip Paint 16. Kuala Lumpur Joy,12.0,0.0,12.0
03914,Make Over Brow Styler Eye Definer Mocha 0.13 g,48.0,0.0,48.0
03915,Make Over Brow Styler Eye Definer Americano 0.13 g,485.0,0.0,485.0
04009,Emina Poppin' Matte X Chatime 11 Chatime Milk Tea,144.0,0.0,144.0
04010,Emina Poppin' Matte X Chatime 12 Hazelnut Chocolate Milk Tea,144.0,0.0,144.0
04011,Emina Poppin' Matte X Chatime 13 Brown Sugar Milk Tea,216.0,0.0,216.0
04040,Instaperfect Everlast Intense Matte Liquid 05 SPLENDID 4.2 g,180.0,0.0,180.0
04051,Instaperfect MATTESETTER Lip Matte Paint 07. DAZZLE 5.5 g,36.0,0.0,36.0
04081,MAKE OVER Powerstay Demi-Matte Cover Cushion W30 Creme Beige 15 g Relaunch,96.0,96.0,0.0
04164,Kahf Advancing Beard & Hair Serum 30 ml,96.0,0.0,96.0
04165,Kahf Nourishing Beard & Hair Oil 30 ml,1.0,0.0,1.0
04183,Wardah Perfect Bright Creamy Foam Brightening + Oil Control (Pc(s)) 100 ml,6485.0,0.0,6485.0
04185,Instaperfect Matte Fit Powder Foundation 22 Light Ivory 13 g,192.0,0.0,192.0
04196,Wardah Perfect Bright Creamy Foam Brightening + Smoothing 50 ml (Pc(s)),36.0,0.0,36.0
04248,Wardah Bundling Crystal Secret Brightening Day Cream 15 ml + NFS Wardah Crystal Secret Foaming Cleanser with Natural AHA+PHA 3 ml,2500.0,0.0,2500.0
04392,Emina Happy Girls Are the Prettiest Makeup + Skincare Box,180.0,0.0,180.0
04396,Make Over Big Box 2: THE ROYAL,6.0,0.0,6.0
04403,Wardah Lightening Hampers Ramadan Untuk Mencerahkan,1.0,0.0,1.0
04539,Wardah Crystal Skin Package,154.0,0.0,154.0
04575,Wardah Anti Dandruff Shampoo 170 ml,1152.0,0.0,1152.0
04576,Wardah Hairfall Treatment Shampoo 170 ml,3072.0,0.0,3072.0
04578,Wardah Colorfit Fresh Lip Ink Serum 02 Smart Cookie 4 g,216.0,0.0,216.0
04582,Wardah Colorfit Fresh Lip Ink Serum 06 Hyped Up 4 g,139.0,0.0,139.0
04591,Beyondly Glowlasting Collagen UV Care Moisturizer 30 g,1080.0,0.0,1080.0
04592,Beyondly Lemon Single Essential Oil 10 ml,1656.0,0.0,1656.0
04593,Wardah Nutri Shine Shampoo 170 ml,768.0,0.0,768.0
04594,Wardah Daily Fresh Shampoo 170 ml,144.0,0.0,144.0
04603,Beyondly Calm Barrier Collagen Serum 20 ml,36.0,0.0,36.0
04606,Beyondly Terra Carrier Oil 100 ml,48.0,0.0,48.0
04607,Beyondly Essential Oil Kit Primary Three 3 x 10 ml,76.0,0.0,76.0
04608,Beyondly Glowlasting Collagen Cleanser 100 ml,1110.0,0.0,1110.0
04613,MAKE OVER Powerstay Transferproof Matte Lip Cream B102 Vibe 7 g,528.0,0.0,528.0
04614,MAKE OVER Powerstay Transferproof Matte Lip Cream B201 Triumph 7 g,528.0,0.0,528.0
04615,MAKE OVER Powerstay Transferproof Matte Lip Cream B202 Skye-Hi 7 g,528.0,0.0,528.0
04616,Beyondly Fitclair Collagen Drink 15 sachet @25mL,1228.0,0.0,1228.0
04631,Beyondly Peppermint Single Essential Oil 10 ml,420.0,0.0,420.0
04632,Beyondly Lavender Single Essential Oil 10 ml,840.0,0.0,840.0
04634,Beyondly Clove Bud Single Essential Oil 10 ml,1668.0,0.0,1668.0
04635,Beyondly Eucalyptus Single Essential Oil 10 ml,1188.0,0.0,1188.0
04636,Beyondly Tea Tree Single Essential Oil 10 ml,1548.0,0.0,1548.0
04637,Beyondly Orange Single Essential Oil 10 ml,1524.0,0.0,1524.0
04638,Beyondly Shield Up Blend Essential Oil 10 ml,348.0,0.0,348.0
04639,Beyondly Rain Away Blend Essential Oil 10 ml,432.0,0.0,432.0
04640,Beyondly Gentle Breeze Blend Essential Oil 10 ml,360.0,0.0,360.0
04641,Beyondly Roomify Blend Essential Oil 10 ml,1680.0,0.0,1680.0
04642,Beyondly Balancia Blend Essential Oil 10 ml,1140.0,0.0,1140.0
04643,Beyondly Tum Tum Buddy Blend Essential Oil 10 ml,696.0,0.0,696.0
04644,Beyondly Ignite Up Blend Essential Oil 10 ml,1596.0,0.0,1596.0
04646,Beyondly Serenity Blend Essential Oil 10 ml,1392.0,0.0,1392.0
04648,Beyondly Essential Oil Kit Daily Synergy 3 x 10 ml,1158.0,0.0,1158.0
04650,Beyondly Eternal Ultrasonic Nano Diffuser 230 ml,1357.0,0.0,1357.0
04703,Wardah Exclusive Matte Lip Cream 04 Pink Me 4g,144.0,0.0,144.0
04705,Wardah Exclusive Matte Lip Cream 06 Feeling Red 4g,288.0,0.0,288.0
04707,Wardah Exclusive Matte Lip Cream 08 Pinkcredible 4g,144.0,0.0,144.0
04709,Wardah Exclusive Matte Lip Cream 10 Berry Pretty 4g,204.0,0.0,204.0
04710,Wardah Exclusive Matte Lip Cream 11 Oh So Nude ! 4g,12.0,0.0,12.0
04777,Beyondly Hocus Focus Blend Essential Oil 10 ml,840.0,0.0,840.0
04778,Emina Ms. Pimple Acne Solution Face Toner 100 ml,47.0,25.0,22.0
04790,Wardah Refill Exclusive Flawless Cover Cushion 04 Natural 15 g,48.0,0.0,48.0
80001,OMG OH MY GLAM Matte Kiss Lip Cream 01 Dreamy 3.5 g,429.0,0.0,429.0
80002,OMG OH MY GLAM Matte Kiss Lip Cream 02 Juicy 3.5 g,2266.0,0.0,2266.0
80003,OMG OH MY GLAM Matte Kiss Lip Cream 03 Flame 3.5 g,8.0,0.0,8.0
80004,OMG OH MY GLAM Matte Kiss Lip Cream 04 Sunset 3.5 g,1337.0,0.0,1337.0
80005,OMG OH MY GLAM Matte Kiss Lip Cream 05 Punch 3.5 g,2880.0,0.0,2880.0
80006,OMG OH MY GLAM Matte Kiss Lip Cream 06 Sparkle 3.5 g,732.0,0.0,732.0
80007,OMG OH MY GLAM Matte Kiss Lip Cream 07 Delight 3.5 g,372.0,0.0,372.0
80008,OMG OH MY GLAM Matte Kiss Lip Cream 08 Skyfall 3.5 g,1013.0,0.0,1013.0
80010,OMG OH MY GLAM Matte Kiss Lip Cream 10 Shell 3.5 g,25.0,0.0,25.0
80011,OMG OH MY GLAM Matte Kiss Lip Cream 11 Bumble 3.5 g,160.0,0.0,160.0
80012,OMG OH MY GLAM Matte Kiss Lip Cream 12 Scarlet 3.5 g,225.0,0.0,225.0
80020,Santis Surgical Facemask Headloop 50 pcs,27.0,0.0,27.0
80027,OMG OH MY GLOW Peach Glowing Face Wash 9 g,64.0,0.0,64.0
80029,OMG OH MY GLOW Peach Glowing Face Wash 50 g,392.0,0.0,392.0
80048,OMG Oh My Glam Coverlast Liquid Foundation 21 W Light,310.0,0.0,310.0
80052,OMG Oh My Glam Coverlast Liquid Foundation 52 N Caramel,40.0,0.0,40.0
,Kursi Chairman SC 2208,16.0,0.0,16.0
