Code,Product,Quantity on Hand,Reserved,Available
00981,"MAKE OVER Intense Matte Lip Cream 003 Secret 6,5 g (Pc(s))",1102.0,0.0,1102.0
00986,"MAKE OVER Intense Matte Lip Cream 008 Libertine 6,5 g (Pc(s))",1102.0,0.0,1102.0
01258,"MAKE OVER Intense Matte Lip Cream 019 Vogue 6,5 g (Pc(s))",643.0,0.0,643.0
01445,"MAKE OVER Intense Matte Lip Cream 011 Pompous 6,5 g (Pc(s))",595.0,0.0,595.0
01499,MAKE OVER Hyperblack Superstay Liner 1 g ,1440.0,0.0,1440.0
02370,Wardah Lightening Powder Foundation Light Feel 02 Golden Beige 12 g,8202.0,0.0,8202.0
02413,Wardah Lightening Micellar Gentle Wash 100 ml,16427.0,0.0,16427.0
02428,Wardah Lightening Face Toner 125 ml,8202.0,0.0,8202.0
02808,Kahf Invigorating Waterfall Eau de Toilette 35 ml,4479.0,0.0,4479.0
02809,Kahf Humbling Forest Eau de Toilette 35 ml,4202.0,0.0,4202.0
02810,Kahf True Brotherhood Eau de Toilette 35 ml,4479.0,0.0,4479.0
02811,Kahf Revered Oud Eau de Toilette 35 ml,4202.0,0.0,4202.0
02812,Kahf Skin Energizing and Brightening Face Wash 100 ml,4479.0,0.0,4479.0
02813,Kahf Oil and Acne Care Face Wash 100 ml,4202.0,0.0,4202.0
02864,Wardah Colorfit Velvet Powder Foundation 32N Neutral Beige 11 g,6156.0,0.0,6156.0
02961,Make Over Lash Impulse Waterproof Mascara 9 ml,2232.0,0.0,2232.0
02966,Kahf Gentle Exfoliating Face Scrub 100 ml,4479.0,0.0,4479.0
02967,Kahf Triple Protection Sunscreen Moisturizer 30 ml,1460.0,0.0,1460.0
03123,Wardah Instaperfect BROWFLASH 3-in-1 Brow Perfector 02 Ash Brown 0.6 g,2051.0,0.0,2051.0
03176,Biodef Natural Protection Mint + Green Tea Body Wash Antiseptik Alami Botol 275 ml,308.0,0.0,308.0
03177,Biodef Natural Protection Mint + Green Tea Body Wash Antiseptik Alami Pouch 400 ml,598.0,0.0,598.0
03179,Biodef Natural Protection Mint + Green Tea Hand Wash Antiseptik Alami Pouch 200 ml,598.0,0.0,598.0
03180,Biodef Natural Protection Mint + Sea Salt Body Wash Antiseptik Alami Botol 275 ml,290.0,0.0,290.0
03181,Biodef Natural Protection Mint + Sea Salt Body Wash Antiseptik Alami Pouch 400 ml,913.0,0.0,913.0
03183,Biodef Natural Protection Mint + Yuzu Body Wash Antiseptik Alami Pouch 400 ml,599.0,0.0,599.0
03184,Biodef Natural Protection Mint + Yuzu Hand Wash Antiseptik Alami Botol 250 ml,790.0,0.0,790.0
03272,MAKE OVER POWERSKIN Bi-Phase Oil Micellar Water 200 ml,1190.0,0.0,1190.0
03737,LABORE Sensitive Skin Care BiomeRepair Barrier Revive Cream 50 ml,239.0,0.0,239.0
03740,LABORE Sensitive Skin Care GentleBiome Mild Cleanser 100 ml,239.0,0.0,239.0
03743,LABORE Sensitive Skin Care BiomeProtect Physical Sunscreen 30 ml,239.0,0.0,239.0
03874,Kahf Relaxing and Acne Fight Body Wash 200 ml,8681.0,0.0,8681.0
03875,Kahf Cooling and Brightening Body Wash 200 ml,8681.0,0.0,8681.0
03893,Kahf Triple Action Oil and Comedo Defense Face Wash 100 ml,4202.0,0.0,4202.0
03910,Wardah Colorfit Last All Day Lip Paint 15. Dazzling New York,3204.0,0.0,3204.0
03995,Wardah Exclusive Two Way Cake 02 Light Beige 12 g,4142.0,0.0,4142.0
04048,Instaperfect MATTESETTER Lip Matte Paint 04. VIBE 5.5 g,2051.0,0.0,2051.0
04706,"Wardah Exclusive Matte Lip Cream 07 Hello, Ruby 4g",4142.0,0.0,4142.0
